game_id,position,is_chicken,is_bone,revealed,reveal_order,position_in_sequence,game_bone_count,game_created_at
cml7x5nlq02pr29egemn38m5k,1,true,false,false,,,4,2026-02-04T11:03:13.598Z
cml7x5nlq02pr29egemn38m5k,2,false,true,true,6,6/8,4,2026-02-04T11:03:13.598Z
cml7x5nlq02pr29egemn38m5k,3,true,false,false,,,4,2026-02-04T11:03:13.598Z
cml7x5nlq02pr29egemn38m5k,4,true,false,false,,,4,2026-02-04T11:03:13.598Z
cml7x5nlq02pr29egemn38m5k,5,true,false,false,,,4,2026-02-04T11:03:13.598Z
cml7x5nlq02pr29egemn38m5k,6,true,false,false,,,4,2026-02-04T11:03:13.598Z
cml7x5nlq02pr29egemn38m5k,7,false,true,true,5,5/8,4,2026-02-04T11:03:13.598Z
cml7x5nlq02pr29egemn38m5k,8,true,false,false,,,4,2026-02-04T11:03:13.598Z
cml7x5nlq02pr29egemn38m5k,9,true,false,false,,,4,2026-02-04T11:03:13.598Z
cml7x5nlq02pr29egemn38m5k,10,true,false,true,1,1/8,4,2026-02-04T11:03:13.598Z
cml7x5nlq02pr29egemn38m5k,11,true,false,false,,,4,2026-02-04T11:03:13.598Z
cml7x5nlq02pr29egemn38m5k,12,true,false,false,,,4,2026-02-04T11:03:13.598Z
cml7x5nlq02pr29egemn38m5k,13,true,false,true,3,3/8,4,2026-02-04T11:03:13.598Z
cml7x5nlq02pr29egemn38m5k,14,true,false,false,,,4,2026-02-04T11:03:13.598Z
cml7x5nlq02pr29egemn38m5k,15,false,true,true,7,7/8,4,2026-02-04T11:03:13.598Z
cml7x5nlq02pr29egemn38m5k,16,true,false,false,,,4,2026-02-04T11:03:13.598Z
cml7x5nlq02pr29egemn38m5k,17,true,false,true,4,4/8,4,2026-02-04T11:03:13.598Z
cml7x5nlq02pr29egemn38m5k,18,true,false,false,,,4,2026-02-04T11:03:13.598Z
cml7x5nlq02pr29egemn38m5k,19,true,false,true,2,2/8,4,2026-02-04T11:03:13.598Z
cml7x5nlq02pr29egemn38m5k,20,true,false,false,,,4,2026-02-04T11:03:13.598Z
cml7x5nlq02pr29egemn38m5k,21,true,false,false,,,4,2026-02-04T11:03:13.598Z
cml7x5nlq02pr29egemn38m5k,22,true,false,false,,,4,2026-02-04T11:03:13.598Z
cml7x5nlq02pr29egemn38m5k,23,true,false,false,,,4,2026-02-04T11:03:13.598Z
cml7x5nlq02pr29egemn38m5k,24,false,true,true,8,8/8,4,2026-02-04T11:03:13.598Z
cml7x5nlq02pr29egemn38m5k,25,true,false,false,,,4,2026-02-04T11:03:13.598Z
cml7x2uvz02p029eg9cjj33ud,1,true,false,false,,,4,2026-02-04T11:01:03.072Z
cml7x2uvz02p029eg9cjj33ud,2,true,false,false,,,4,2026-02-04T11:01:03.072Z
cml7x2uvz02p029eg9cjj33ud,3,true,false,false,,,4,2026-02-04T11:01:03.072Z
cml7x2uvz02p029eg9cjj33ud,4,true,false,false,,,4,2026-02-04T11:01:03.072Z
cml7x2uvz02p029eg9cjj33ud,5,true,false,false,,,4,2026-02-04T11:01:03.072Z
cml7x2uvz02p029eg9cjj33ud,6,true,false,false,,,4,2026-02-04T11:01:03.072Z
cml7x2uvz02p029eg9cjj33ud,7,true,false,false,,,4,2026-02-04T11:01:03.072Z
cml7x2uvz02p029eg9cjj33ud,8,true,false,false,,,4,2026-02-04T11:01:03.072Z
cml7x2uvz02p029eg9cjj33ud,9,true,false,false,,,4,2026-02-04T11:01:03.072Z
cml7x2uvz02p029eg9cjj33ud,10,true,false,false,,,4,2026-02-04T11:01:03.072Z
cml7x2uvz02p029eg9cjj33ud,11,true,false,false,,,4,2026-02-04T11:01:03.072Z
cml7x2uvz02p029eg9cjj33ud,12,true,false,false,,,4,2026-02-04T11:01:03.072Z
cml7x2uvz02p029eg9cjj33ud,13,false,true,true,2,2/4,4,2026-02-04T11:01:03.072Z
cml7x2uvz02p029eg9cjj33ud,14,false,true,true,1,1/4,4,2026-02-04T11:01:03.072Z
cml7x2uvz02p029eg9cjj33ud,15,true,false,false,,,4,2026-02-04T11:01:03.072Z
cml7x2uvz02p029eg9cjj33ud,16,false,true,true,3,3/4,4,2026-02-04T11:01:03.072Z
cml7x2uvz02p029eg9cjj33ud,17,true,false,false,,,4,2026-02-04T11:01:03.072Z
cml7x2uvz02p029eg9cjj33ud,18,true,false,false,,,4,2026-02-04T11:01:03.072Z
cml7x2uvz02p029eg9cjj33ud,19,true,false,false,,,4,2026-02-04T11:01:03.072Z
cml7x2uvz02p029eg9cjj33ud,20,true,false,false,,,4,2026-02-04T11:01:03.072Z
cml7x2uvz02p029eg9cjj33ud,21,true,false,false,,,4,2026-02-04T11:01:03.072Z
cml7x2uvz02p029eg9cjj33ud,22,false,true,true,4,4/4,4,2026-02-04T11:01:03.072Z
cml7x2uvz02p029eg9cjj33ud,23,true,false,false,,,4,2026-02-04T11:01:03.072Z
cml7x2uvz02p029eg9cjj33ud,24,true,false,false,,,4,2026-02-04T11:01:03.072Z
cml7x2uvz02p029eg9cjj33ud,25,true,false,false,,,4,2026-02-04T11:01:03.072Z
cml7x1tzd02o729eglxbqcqif,1,true,false,false,,,4,2026-02-04T11:00:15.241Z
cml7x1tzd02o729eglxbqcqif,2,true,false,false,,,4,2026-02-04T11:00:15.241Z
cml7x1tzd02o729eglxbqcqif,3,true,false,false,,,4,2026-02-04T11:00:15.241Z
cml7x1tzd02o729eglxbqcqif,4,true,false,false,,,4,2026-02-04T11:00:15.241Z
cml7x1tzd02o729eglxbqcqif,5,true,false,false,,,4,2026-02-04T11:00:15.241Z
cml7x1tzd02o729eglxbqcqif,6,true,false,false,,,4,2026-02-04T11:00:15.241Z
cml7x1tzd02o729eglxbqcqif,7,false,true,true,3,3/6,4,2026-02-04T11:00:15.241Z
cml7x1tzd02o729eglxbqcqif,8,true,false,false,,,4,2026-02-04T11:00:15.241Z
cml7x1tzd02o729eglxbqcqif,9,true,false,false,,,4,2026-02-04T11:00:15.241Z
cml7x1tzd02o729eglxbqcqif,10,true,false,false,,,4,2026-02-04T11:00:15.241Z
cml7x1tzd02o729eglxbqcqif,11,true,false,false,,,4,2026-02-04T11:00:15.241Z
cml7x1tzd02o729eglxbqcqif,12,true,false,false,,,4,2026-02-04T11:00:15.241Z
cml7x1tzd02o729eglxbqcqif,13,true,false,true,1,1/6,4,2026-02-04T11:00:15.241Z
cml7x1tzd02o729eglxbqcqif,14,true,false,false,,,4,2026-02-04T11:00:15.241Z
cml7x1tzd02o729eglxbqcqif,15,true,false,false,,,4,2026-02-04T11:00:15.241Z
cml7x1tzd02o729eglxbqcqif,16,true,false,false,,,4,2026-02-04T11:00:15.241Z
cml7x1tzd02o729eglxbqcqif,17,false,true,true,4,4/6,4,2026-02-04T11:00:15.241Z
cml7x1tzd02o729eglxbqcqif,18,true,false,true,2,2/6,4,2026-02-04T11:00:15.241Z
cml7x1tzd02o729eglxbqcqif,19,true,false,false,,,4,2026-02-04T11:00:15.241Z
cml7x1tzd02o729eglxbqcqif,20,false,true,true,5,5/6,4,2026-02-04T11:00:15.241Z
cml7x1tzd02o729eglxbqcqif,21,true,false,false,,,4,2026-02-04T11:00:15.241Z
cml7x1tzd02o729eglxbqcqif,22,false,true,true,6,6/6,4,2026-02-04T11:00:15.241Z
cml7x1tzd02o729eglxbqcqif,23,true,false,false,,,4,2026-02-04T11:00:15.241Z
cml7x1tzd02o729eglxbqcqif,24,true,false,false,,,4,2026-02-04T11:00:15.241Z
cml7x1tzd02o729eglxbqcqif,25,true,false,false,,,4,2026-02-04T11:00:15.241Z
cml7x08tq02ng29eggrzn0saa,1,true,false,false,,,4,2026-02-04T10:59:01.166Z
cml7x08tq02ng29eggrzn0saa,2,false,true,true,1,1/4,4,2026-02-04T10:59:01.166Z
cml7x08tq02ng29eggrzn0saa,3,true,false,false,,,4,2026-02-04T10:59:01.166Z
cml7x08tq02ng29eggrzn0saa,4,true,false,false,,,4,2026-02-04T10:59:01.166Z
cml7x08tq02ng29eggrzn0saa,5,true,false,false,,,4,2026-02-04T10:59:01.166Z
cml7x08tq02ng29eggrzn0saa,6,false,true,true,2,2/4,4,2026-02-04T10:59:01.166Z
cml7x08tq02ng29eggrzn0saa,7,true,false,false,,,4,2026-02-04T10:59:01.166Z
cml7x08tq02ng29eggrzn0saa,8,false,true,true,3,3/4,4,2026-02-04T10:59:01.166Z
cml7x08tq02ng29eggrzn0saa,9,true,false,false,,,4,2026-02-04T10:59:01.166Z
cml7x08tq02ng29eggrzn0saa,10,true,false,false,,,4,2026-02-04T10:59:01.166Z
cml7x08tq02ng29eggrzn0saa,11,true,false,false,,,4,2026-02-04T10:59:01.166Z
cml7x08tq02ng29eggrzn0saa,12,true,false,false,,,4,2026-02-04T10:59:01.166Z
cml7x08tq02ng29eggrzn0saa,13,true,false,false,,,4,2026-02-04T10:59:01.166Z
cml7x08tq02ng29eggrzn0saa,14,false,true,true,4,4/4,4,2026-02-04T10:59:01.166Z
cml7x08tq02ng29eggrzn0saa,15,true,false,false,,,4,2026-02-04T10:59:01.166Z
cml7x08tq02ng29eggrzn0saa,16,true,false,false,,,4,2026-02-04T10:59:01.166Z
cml7x08tq02ng29eggrzn0saa,17,true,false,false,,,4,2026-02-04T10:59:01.166Z
cml7x08tq02ng29eggrzn0saa,18,true,false,false,,,4,2026-02-04T10:59:01.166Z
cml7x08tq02ng29eggrzn0saa,19,true,false,false,,,4,2026-02-04T10:59:01.166Z
cml7x08tq02ng29eggrzn0saa,20,true,false,false,,,4,2026-02-04T10:59:01.166Z
cml7x08tq02ng29eggrzn0saa,21,true,false,false,,,4,2026-02-04T10:59:01.166Z
cml7x08tq02ng29eggrzn0saa,22,true,false,false,,,4,2026-02-04T10:59:01.166Z
cml7x08tq02ng29eggrzn0saa,23,true,false,false,,,4,2026-02-04T10:59:01.166Z
cml7x08tq02ng29eggrzn0saa,24,true,false,false,,,4,2026-02-04T10:59:01.166Z
cml7x08tq02ng29eggrzn0saa,25,true,false,false,,,4,2026-02-04T10:59:01.166Z
cml7wzbxg02mp29egot5j4b4t,1,true,false,false,,,4,2026-02-04T10:58:18.532Z
cml7wzbxg02mp29egot5j4b4t,2,true,false,false,,,4,2026-02-04T10:58:18.532Z
cml7wzbxg02mp29egot5j4b4t,3,true,false,false,,,4,2026-02-04T10:58:18.532Z
cml7wzbxg02mp29egot5j4b4t,4,true,false,false,,,4,2026-02-04T10:58:18.532Z
cml7wzbxg02mp29egot5j4b4t,5,true,false,false,,,4,2026-02-04T10:58:18.532Z
cml7wzbxg02mp29egot5j4b4t,6,true,false,false,,,4,2026-02-04T10:58:18.532Z
cml7wzbxg02mp29egot5j4b4t,7,true,false,true,2,2/4,4,2026-02-04T10:58:18.532Z
cml7wzbxg02mp29egot5j4b4t,8,true,false,false,,,4,2026-02-04T10:58:18.532Z
cml7wzbxg02mp29egot5j4b4t,9,true,false,false,,,4,2026-02-04T10:58:18.532Z
cml7wzbxg02mp29egot5j4b4t,10,true,false,true,4,4/4,4,2026-02-04T10:58:18.532Z
cml7wzbxg02mp29egot5j4b4t,11,true,false,false,,,4,2026-02-04T10:58:18.532Z
cml7wzbxg02mp29egot5j4b4t,12,true,false,false,,,4,2026-02-04T10:58:18.532Z
cml7wzbxg02mp29egot5j4b4t,13,true,false,false,,,4,2026-02-04T10:58:18.532Z
cml7wzbxg02mp29egot5j4b4t,14,true,false,false,,,4,2026-02-04T10:58:18.532Z
cml7wzbxg02mp29egot5j4b4t,15,true,false,false,,,4,2026-02-04T10:58:18.532Z
cml7wzbxg02mp29egot5j4b4t,16,true,false,false,,,4,2026-02-04T10:58:18.532Z
cml7wzbxg02mp29egot5j4b4t,17,true,false,false,,,4,2026-02-04T10:58:18.532Z
cml7wzbxg02mp29egot5j4b4t,18,true,false,true,1,1/4,4,2026-02-04T10:58:18.532Z
cml7wzbxg02mp29egot5j4b4t,19,true,false,true,3,3/4,4,2026-02-04T10:58:18.532Z
cml7wzbxg02mp29egot5j4b4t,20,true,false,false,,,4,2026-02-04T10:58:18.532Z
cml7wzbxg02mp29egot5j4b4t,21,true,false,false,,,4,2026-02-04T10:58:18.532Z
cml7wzbxg02mp29egot5j4b4t,22,true,false,false,,,4,2026-02-04T10:58:18.532Z
cml7wzbxg02mp29egot5j4b4t,23,true,false,false,,,4,2026-02-04T10:58:18.532Z
cml7wzbxg02mp29egot5j4b4t,24,true,false,false,,,4,2026-02-04T10:58:18.532Z
cml7wzbxg02mp29egot5j4b4t,25,true,false,false,,,4,2026-02-04T10:58:18.532Z
cml7wxvhl02lx29egvei8umhg,1,true,false,false,,,4,2026-02-04T10:57:10.569Z
cml7wxvhl02lx29egvei8umhg,2,true,false,false,,,4,2026-02-04T10:57:10.569Z
cml7wxvhl02lx29egvei8umhg,3,true,false,false,,,4,2026-02-04T10:57:10.569Z
cml7wxvhl02lx29egvei8umhg,4,true,false,false,,,4,2026-02-04T10:57:10.569Z
cml7wxvhl02lx29egvei8umhg,5,true,false,false,,,4,2026-02-04T10:57:10.569Z
cml7wxvhl02lx29egvei8umhg,6,true,false,false,,,4,2026-02-04T10:57:10.569Z
cml7wxvhl02lx29egvei8umhg,7,true,false,false,,,4,2026-02-04T10:57:10.569Z
cml7wxvhl02lx29egvei8umhg,8,true,false,false,,,4,2026-02-04T10:57:10.569Z
cml7wxvhl02lx29egvei8umhg,9,true,false,false,,,4,2026-02-04T10:57:10.569Z
cml7wxvhl02lx29egvei8umhg,10,true,false,false,,,4,2026-02-04T10:57:10.569Z
cml7wxvhl02lx29egvei8umhg,11,true,false,false,,,4,2026-02-04T10:57:10.569Z
cml7wxvhl02lx29egvei8umhg,12,true,false,false,,,4,2026-02-04T10:57:10.569Z
cml7wxvhl02lx29egvei8umhg,13,true,false,false,,,4,2026-02-04T10:57:10.569Z
cml7wxvhl02lx29egvei8umhg,14,true,false,true,1,1/5,4,2026-02-04T10:57:10.569Z
cml7wxvhl02lx29egvei8umhg,15,true,false,false,,,4,2026-02-04T10:57:10.569Z
cml7wxvhl02lx29egvei8umhg,16,true,false,false,,,4,2026-02-04T10:57:10.569Z
cml7wxvhl02lx29egvei8umhg,17,true,false,false,,,4,2026-02-04T10:57:10.569Z
cml7wxvhl02lx29egvei8umhg,18,false,true,true,3,3/5,4,2026-02-04T10:57:10.569Z
cml7wxvhl02lx29egvei8umhg,19,false,true,true,2,2/5,4,2026-02-04T10:57:10.569Z
cml7wxvhl02lx29egvei8umhg,20,false,true,true,4,4/5,4,2026-02-04T10:57:10.569Z
cml7wxvhl02lx29egvei8umhg,21,false,true,true,5,5/5,4,2026-02-04T10:57:10.569Z
cml7wxvhl02lx29egvei8umhg,22,true,false,false,,,4,2026-02-04T10:57:10.569Z
cml7wxvhl02lx29egvei8umhg,23,true,false,false,,,4,2026-02-04T10:57:10.569Z
cml7wxvhl02lx29egvei8umhg,24,true,false,false,,,4,2026-02-04T10:57:10.569Z
cml7wxvhl02lx29egvei8umhg,25,true,false,false,,,4,2026-02-04T10:57:10.569Z
cml7wwhyn02l629egk38ru4od,1,true,false,false,,,4,2026-02-04T10:56:06.383Z
cml7wwhyn02l629egk38ru4od,2,true,false,false,,,4,2026-02-04T10:56:06.383Z
cml7wwhyn02l629egk38ru4od,3,false,true,true,2,2/4,4,2026-02-04T10:56:06.383Z
cml7wwhyn02l629egk38ru4od,4,true,false,false,,,4,2026-02-04T10:56:06.383Z
cml7wwhyn02l629egk38ru4od,5,true,false,false,,,4,2026-02-04T10:56:06.383Z
cml7wwhyn02l629egk38ru4od,6,true,false,false,,,4,2026-02-04T10:56:06.383Z
cml7wwhyn02l629egk38ru4od,7,true,false,false,,,4,2026-02-04T10:56:06.383Z
cml7wwhyn02l629egk38ru4od,8,true,false,false,,,4,2026-02-04T10:56:06.383Z
cml7wwhyn02l629egk38ru4od,9,true,false,false,,,4,2026-02-04T10:56:06.383Z
cml7wwhyn02l629egk38ru4od,10,false,true,true,1,1/4,4,2026-02-04T10:56:06.383Z
cml7wwhyn02l629egk38ru4od,11,true,false,false,,,4,2026-02-04T10:56:06.383Z
cml7wwhyn02l629egk38ru4od,12,true,false,false,,,4,2026-02-04T10:56:06.383Z
cml7wwhyn02l629egk38ru4od,13,true,false,false,,,4,2026-02-04T10:56:06.383Z
cml7wwhyn02l629egk38ru4od,14,false,true,true,3,3/4,4,2026-02-04T10:56:06.383Z
cml7wwhyn02l629egk38ru4od,15,true,false,false,,,4,2026-02-04T10:56:06.383Z
cml7wwhyn02l629egk38ru4od,16,true,false,false,,,4,2026-02-04T10:56:06.383Z
cml7wwhyn02l629egk38ru4od,17,true,false,false,,,4,2026-02-04T10:56:06.383Z
cml7wwhyn02l629egk38ru4od,18,true,false,false,,,4,2026-02-04T10:56:06.383Z
cml7wwhyn02l629egk38ru4od,19,true,false,false,,,4,2026-02-04T10:56:06.383Z
cml7wwhyn02l629egk38ru4od,20,true,false,false,,,4,2026-02-04T10:56:06.383Z
cml7wwhyn02l629egk38ru4od,21,true,false,false,,,4,2026-02-04T10:56:06.383Z
cml7wwhyn02l629egk38ru4od,22,true,false,false,,,4,2026-02-04T10:56:06.383Z
cml7wwhyn02l629egk38ru4od,23,true,false,false,,,4,2026-02-04T10:56:06.383Z
cml7wwhyn02l629egk38ru4od,24,true,false,false,,,4,2026-02-04T10:56:06.383Z
cml7wwhyn02l629egk38ru4od,25,false,true,true,4,4/4,4,2026-02-04T10:56:06.383Z
cml7wvmqo02kf29egikzcyysp,1,true,false,false,,,4,2026-02-04T10:55:25.920Z
cml7wvmqo02kf29egikzcyysp,2,false,true,true,2,2/4,4,2026-02-04T10:55:25.920Z
cml7wvmqo02kf29egikzcyysp,3,true,false,false,,,4,2026-02-04T10:55:25.920Z
cml7wvmqo02kf29egikzcyysp,4,true,false,false,,,4,2026-02-04T10:55:25.920Z
cml7wvmqo02kf29egikzcyysp,5,true,false,false,,,4,2026-02-04T10:55:25.920Z
cml7wvmqo02kf29egikzcyysp,6,true,false,false,,,4,2026-02-04T10:55:25.920Z
cml7wvmqo02kf29egikzcyysp,7,true,false,false,,,4,2026-02-04T10:55:25.920Z
cml7wvmqo02kf29egikzcyysp,8,true,false,false,,,4,2026-02-04T10:55:25.920Z
cml7wvmqo02kf29egikzcyysp,9,true,false,false,,,4,2026-02-04T10:55:25.920Z
cml7wvmqo02kf29egikzcyysp,10,true,false,false,,,4,2026-02-04T10:55:25.920Z
cml7wvmqo02kf29egikzcyysp,11,true,false,false,,,4,2026-02-04T10:55:25.920Z
cml7wvmqo02kf29egikzcyysp,12,true,false,false,,,4,2026-02-04T10:55:25.920Z
cml7wvmqo02kf29egikzcyysp,13,true,false,false,,,4,2026-02-04T10:55:25.920Z
cml7wvmqo02kf29egikzcyysp,14,true,false,false,,,4,2026-02-04T10:55:25.920Z
cml7wvmqo02kf29egikzcyysp,15,false,true,true,1,1/4,4,2026-02-04T10:55:25.920Z
cml7wvmqo02kf29egikzcyysp,16,false,true,true,3,3/4,4,2026-02-04T10:55:25.920Z
cml7wvmqo02kf29egikzcyysp,17,false,true,true,4,4/4,4,2026-02-04T10:55:25.920Z
cml7wvmqo02kf29egikzcyysp,18,true,false,false,,,4,2026-02-04T10:55:25.920Z
cml7wvmqo02kf29egikzcyysp,19,true,false,false,,,4,2026-02-04T10:55:25.920Z
cml7wvmqo02kf29egikzcyysp,20,true,false,false,,,4,2026-02-04T10:55:25.920Z
cml7wvmqo02kf29egikzcyysp,21,true,false,false,,,4,2026-02-04T10:55:25.920Z
cml7wvmqo02kf29egikzcyysp,22,true,false,false,,,4,2026-02-04T10:55:25.920Z
cml7wvmqo02kf29egikzcyysp,23,true,false,false,,,4,2026-02-04T10:55:25.920Z
cml7wvmqo02kf29egikzcyysp,24,true,false,false,,,4,2026-02-04T10:55:25.920Z
cml7wvmqo02kf29egikzcyysp,25,true,false,false,,,4,2026-02-04T10:55:25.920Z
cml7wsz0n02jo29egxc2aw1zt,1,true,false,false,,,4,2026-02-04T10:53:21.863Z
cml7wsz0n02jo29egxc2aw1zt,2,true,false,false,,,4,2026-02-04T10:53:21.863Z
cml7wsz0n02jo29egxc2aw1zt,3,true,false,false,,,4,2026-02-04T10:53:21.863Z
cml7wsz0n02jo29egxc2aw1zt,4,true,false,false,,,4,2026-02-04T10:53:21.863Z
cml7wsz0n02jo29egxc2aw1zt,5,true,false,false,,,4,2026-02-04T10:53:21.863Z
cml7wsz0n02jo29egxc2aw1zt,6,true,false,false,,,4,2026-02-04T10:53:21.863Z
cml7wsz0n02jo29egxc2aw1zt,7,true,false,false,,,4,2026-02-04T10:53:21.863Z
cml7wsz0n02jo29egxc2aw1zt,8,true,false,false,,,4,2026-02-04T10:53:21.863Z
cml7wsz0n02jo29egxc2aw1zt,9,false,true,true,1,1/4,4,2026-02-04T10:53:21.863Z
cml7wsz0n02jo29egxc2aw1zt,10,true,false,false,,,4,2026-02-04T10:53:21.863Z
cml7wsz0n02jo29egxc2aw1zt,11,true,false,false,,,4,2026-02-04T10:53:21.863Z
cml7wsz0n02jo29egxc2aw1zt,12,true,false,false,,,4,2026-02-04T10:53:21.863Z
cml7wsz0n02jo29egxc2aw1zt,13,false,true,true,2,2/4,4,2026-02-04T10:53:21.863Z
cml7wsz0n02jo29egxc2aw1zt,14,true,false,false,,,4,2026-02-04T10:53:21.863Z
cml7wsz0n02jo29egxc2aw1zt,15,false,true,true,3,3/4,4,2026-02-04T10:53:21.863Z
cml7wsz0n02jo29egxc2aw1zt,16,true,false,false,,,4,2026-02-04T10:53:21.863Z
cml7wsz0n02jo29egxc2aw1zt,17,true,false,false,,,4,2026-02-04T10:53:21.863Z
cml7wsz0n02jo29egxc2aw1zt,18,true,false,false,,,4,2026-02-04T10:53:21.863Z
cml7wsz0n02jo29egxc2aw1zt,19,true,false,false,,,4,2026-02-04T10:53:21.863Z
cml7wsz0n02jo29egxc2aw1zt,20,true,false,false,,,4,2026-02-04T10:53:21.863Z
cml7wsz0n02jo29egxc2aw1zt,21,true,false,false,,,4,2026-02-04T10:53:21.863Z
cml7wsz0n02jo29egxc2aw1zt,22,false,true,true,4,4/4,4,2026-02-04T10:53:21.863Z
cml7wsz0n02jo29egxc2aw1zt,23,true,false,false,,,4,2026-02-04T10:53:21.863Z
cml7wsz0n02jo29egxc2aw1zt,24,true,false,false,,,4,2026-02-04T10:53:21.863Z
cml7wsz0n02jo29egxc2aw1zt,25,true,false,false,,,4,2026-02-04T10:53:21.863Z
cml7wsj8s02ix29egi0skd31n,1,true,false,false,,,4,2026-02-04T10:53:01.420Z
cml7wsj8s02ix29egi0skd31n,2,true,false,false,,,4,2026-02-04T10:53:01.420Z
cml7wsj8s02ix29egi0skd31n,3,true,false,false,,,4,2026-02-04T10:53:01.420Z
cml7wsj8s02ix29egi0skd31n,4,true,false,false,,,4,2026-02-04T10:53:01.420Z
cml7wsj8s02ix29egi0skd31n,5,true,false,false,,,4,2026-02-04T10:53:01.420Z
cml7wsj8s02ix29egi0skd31n,6,true,false,false,,,4,2026-02-04T10:53:01.420Z
cml7wsj8s02ix29egi0skd31n,7,true,false,true,2,2/4,4,2026-02-04T10:53:01.420Z
cml7wsj8s02ix29egi0skd31n,8,true,false,false,,,4,2026-02-04T10:53:01.420Z
cml7wsj8s02ix29egi0skd31n,9,true,false,false,,,4,2026-02-04T10:53:01.420Z
cml7wsj8s02ix29egi0skd31n,10,true,false,true,4,4/4,4,2026-02-04T10:53:01.420Z
cml7wsj8s02ix29egi0skd31n,11,true,false,false,,,4,2026-02-04T10:53:01.420Z
cml7wsj8s02ix29egi0skd31n,12,true,false,false,,,4,2026-02-04T10:53:01.420Z
cml7wsj8s02ix29egi0skd31n,13,true,false,false,,,4,2026-02-04T10:53:01.420Z
cml7wsj8s02ix29egi0skd31n,14,true,false,false,,,4,2026-02-04T10:53:01.420Z
cml7wsj8s02ix29egi0skd31n,15,true,false,false,,,4,2026-02-04T10:53:01.420Z
cml7wsj8s02ix29egi0skd31n,16,true,false,false,,,4,2026-02-04T10:53:01.420Z
cml7wsj8s02ix29egi0skd31n,17,true,false,false,,,4,2026-02-04T10:53:01.420Z
cml7wsj8s02ix29egi0skd31n,18,true,false,false,,,4,2026-02-04T10:53:01.420Z
cml7wsj8s02ix29egi0skd31n,19,true,false,true,1,1/4,4,2026-02-04T10:53:01.420Z
cml7wsj8s02ix29egi0skd31n,20,true,false,true,3,3/4,4,2026-02-04T10:53:01.420Z
cml7wsj8s02ix29egi0skd31n,21,true,false,false,,,4,2026-02-04T10:53:01.420Z
cml7wsj8s02ix29egi0skd31n,22,true,false,false,,,4,2026-02-04T10:53:01.420Z
cml7wsj8s02ix29egi0skd31n,23,true,false,false,,,4,2026-02-04T10:53:01.420Z
cml7wsj8s02ix29egi0skd31n,24,true,false,false,,,4,2026-02-04T10:53:01.420Z
cml7wsj8s02ix29egi0skd31n,25,true,false,false,,,4,2026-02-04T10:53:01.420Z
cml7wqsof02i729eg4cshlmm4,1,true,false,false,,,4,2026-02-04T10:51:40.331Z
cml7wqsof02i729eg4cshlmm4,2,false,true,true,2,2/4,4,2026-02-04T10:51:40.331Z
cml7wqsof02i729eg4cshlmm4,3,true,false,false,,,4,2026-02-04T10:51:40.331Z
cml7wqsof02i729eg4cshlmm4,4,false,true,true,3,3/4,4,2026-02-04T10:51:40.331Z
cml7wqsof02i729eg4cshlmm4,5,true,false,false,,,4,2026-02-04T10:51:40.331Z
cml7wqsof02i729eg4cshlmm4,6,true,false,false,,,4,2026-02-04T10:51:40.331Z
cml7wqsof02i729eg4cshlmm4,7,true,false,false,,,4,2026-02-04T10:51:40.331Z
cml7wqsof02i729eg4cshlmm4,8,true,false,false,,,4,2026-02-04T10:51:40.331Z
cml7wqsof02i729eg4cshlmm4,9,true,false,false,,,4,2026-02-04T10:51:40.331Z
cml7wqsof02i729eg4cshlmm4,10,true,false,false,,,4,2026-02-04T10:51:40.331Z
cml7wqsof02i729eg4cshlmm4,11,true,false,false,,,4,2026-02-04T10:51:40.331Z
cml7wqsof02i729eg4cshlmm4,12,true,false,false,,,4,2026-02-04T10:51:40.331Z
cml7wqsof02i729eg4cshlmm4,13,true,false,false,,,4,2026-02-04T10:51:40.331Z
cml7wqsof02i729eg4cshlmm4,14,true,false,false,,,4,2026-02-04T10:51:40.331Z
cml7wqsof02i729eg4cshlmm4,15,true,false,false,,,4,2026-02-04T10:51:40.331Z
cml7wqsof02i729eg4cshlmm4,16,true,false,false,,,4,2026-02-04T10:51:40.331Z
cml7wqsof02i729eg4cshlmm4,17,true,false,false,,,4,2026-02-04T10:51:40.331Z
cml7wqsof02i729eg4cshlmm4,18,true,false,false,,,4,2026-02-04T10:51:40.331Z
cml7wqsof02i729eg4cshlmm4,19,true,false,false,,,4,2026-02-04T10:51:40.331Z
cml7wqsof02i729eg4cshlmm4,20,true,false,false,,,4,2026-02-04T10:51:40.331Z
cml7wqsof02i729eg4cshlmm4,21,true,false,false,,,4,2026-02-04T10:51:40.331Z
cml7wqsof02i729eg4cshlmm4,22,true,false,false,,,4,2026-02-04T10:51:40.331Z
cml7wqsof02i729eg4cshlmm4,23,false,true,true,1,1/4,4,2026-02-04T10:51:40.331Z
cml7wqsof02i729eg4cshlmm4,24,true,false,false,,,4,2026-02-04T10:51:40.331Z
cml7wqsof02i729eg4cshlmm4,25,false,true,true,4,4/4,4,2026-02-04T10:51:40.331Z
cml7wq03402hd29eg3810vbo3,1,true,false,false,,,4,2026-02-04T10:51:03.281Z
cml7wq03402hd29eg3810vbo3,2,true,false,false,,,4,2026-02-04T10:51:03.281Z
cml7wq03402hd29eg3810vbo3,3,true,false,false,,,4,2026-02-04T10:51:03.281Z
cml7wq03402hd29eg3810vbo3,4,true,false,false,,,4,2026-02-04T10:51:03.281Z
cml7wq03402hd29eg3810vbo3,5,true,false,false,,,4,2026-02-04T10:51:03.281Z
cml7wq03402hd29eg3810vbo3,6,false,true,true,5,5/7,4,2026-02-04T10:51:03.281Z
cml7wq03402hd29eg3810vbo3,7,true,false,false,,,4,2026-02-04T10:51:03.281Z
cml7wq03402hd29eg3810vbo3,8,true,false,false,,,4,2026-02-04T10:51:03.281Z
cml7wq03402hd29eg3810vbo3,9,true,false,false,,,4,2026-02-04T10:51:03.281Z
cml7wq03402hd29eg3810vbo3,10,true,false,false,,,4,2026-02-04T10:51:03.281Z
cml7wq03402hd29eg3810vbo3,11,true,false,false,,,4,2026-02-04T10:51:03.281Z
cml7wq03402hd29eg3810vbo3,12,true,false,false,,,4,2026-02-04T10:51:03.281Z
cml7wq03402hd29eg3810vbo3,13,true,false,true,1,1/7,4,2026-02-04T10:51:03.281Z
cml7wq03402hd29eg3810vbo3,14,true,false,true,3,3/7,4,2026-02-04T10:51:03.281Z
cml7wq03402hd29eg3810vbo3,15,true,false,false,,,4,2026-02-04T10:51:03.281Z
cml7wq03402hd29eg3810vbo3,16,false,true,true,6,6/7,4,2026-02-04T10:51:03.281Z
cml7wq03402hd29eg3810vbo3,17,false,true,true,4,4/7,4,2026-02-04T10:51:03.281Z
cml7wq03402hd29eg3810vbo3,18,true,false,false,,,4,2026-02-04T10:51:03.281Z
cml7wq03402hd29eg3810vbo3,19,true,false,true,2,2/7,4,2026-02-04T10:51:03.281Z
cml7wq03402hd29eg3810vbo3,20,true,false,false,,,4,2026-02-04T10:51:03.281Z
cml7wq03402hd29eg3810vbo3,21,true,false,false,,,4,2026-02-04T10:51:03.281Z
cml7wq03402hd29eg3810vbo3,22,false,true,true,7,7/7,4,2026-02-04T10:51:03.281Z
cml7wq03402hd29eg3810vbo3,23,true,false,false,,,4,2026-02-04T10:51:03.281Z
cml7wq03402hd29eg3810vbo3,24,true,false,false,,,4,2026-02-04T10:51:03.281Z
cml7wq03402hd29eg3810vbo3,25,true,false,false,,,4,2026-02-04T10:51:03.281Z
cml7wo5w802gn29egayd3e9di,1,true,false,false,,,4,2026-02-04T10:49:37.496Z
cml7wo5w802gn29egayd3e9di,2,false,true,true,2,2/4,4,2026-02-04T10:49:37.496Z
cml7wo5w802gn29egayd3e9di,3,true,false,false,,,4,2026-02-04T10:49:37.496Z
cml7wo5w802gn29egayd3e9di,4,true,false,false,,,4,2026-02-04T10:49:37.496Z
cml7wo5w802gn29egayd3e9di,5,false,true,true,3,3/4,4,2026-02-04T10:49:37.496Z
cml7wo5w802gn29egayd3e9di,6,true,false,false,,,4,2026-02-04T10:49:37.496Z
cml7wo5w802gn29egayd3e9di,7,true,false,false,,,4,2026-02-04T10:49:37.496Z
cml7wo5w802gn29egayd3e9di,8,true,false,false,,,4,2026-02-04T10:49:37.496Z
cml7wo5w802gn29egayd3e9di,9,true,false,false,,,4,2026-02-04T10:49:37.496Z
cml7wo5w802gn29egayd3e9di,10,false,true,true,1,1/4,4,2026-02-04T10:49:37.496Z
cml7wo5w802gn29egayd3e9di,11,true,false,false,,,4,2026-02-04T10:49:37.496Z
cml7wo5w802gn29egayd3e9di,12,true,false,false,,,4,2026-02-04T10:49:37.496Z
cml7wo5w802gn29egayd3e9di,13,true,false,false,,,4,2026-02-04T10:49:37.496Z
cml7wo5w802gn29egayd3e9di,14,true,false,false,,,4,2026-02-04T10:49:37.496Z
cml7wo5w802gn29egayd3e9di,15,false,true,true,4,4/4,4,2026-02-04T10:49:37.496Z
cml7wo5w802gn29egayd3e9di,16,true,false,false,,,4,2026-02-04T10:49:37.496Z
cml7wo5w802gn29egayd3e9di,17,true,false,false,,,4,2026-02-04T10:49:37.496Z
cml7wo5w802gn29egayd3e9di,18,true,false,false,,,4,2026-02-04T10:49:37.496Z
cml7wo5w802gn29egayd3e9di,19,true,false,false,,,4,2026-02-04T10:49:37.496Z
cml7wo5w802gn29egayd3e9di,20,true,false,false,,,4,2026-02-04T10:49:37.496Z
cml7wo5w802gn29egayd3e9di,21,true,false,false,,,4,2026-02-04T10:49:37.496Z
cml7wo5w802gn29egayd3e9di,22,true,false,false,,,4,2026-02-04T10:49:37.496Z
cml7wo5w802gn29egayd3e9di,23,true,false,false,,,4,2026-02-04T10:49:37.496Z
cml7wo5w802gn29egayd3e9di,24,true,false,false,,,4,2026-02-04T10:49:37.496Z
cml7wo5w802gn29egayd3e9di,25,true,false,false,,,4,2026-02-04T10:49:37.496Z
cml7wlxtd00fk29egdkm0adj9,1,true,false,false,,,4,2026-02-04T10:47:53.713Z
cml7wlxtd00fk29egdkm0adj9,2,true,false,false,,,4,2026-02-04T10:47:53.713Z
cml7wlxtd00fk29egdkm0adj9,3,true,false,false,,,4,2026-02-04T10:47:53.713Z
cml7wlxtd00fk29egdkm0adj9,4,true,false,false,,,4,2026-02-04T10:47:53.713Z
cml7wlxtd00fk29egdkm0adj9,5,true,false,false,,,4,2026-02-04T10:47:53.713Z
cml7wlxtd00fk29egdkm0adj9,6,true,false,false,,,4,2026-02-04T10:47:53.713Z
cml7wlxtd00fk29egdkm0adj9,7,true,false,false,,,4,2026-02-04T10:47:53.713Z
cml7wlxtd00fk29egdkm0adj9,8,true,false,false,,,4,2026-02-04T10:47:53.713Z
cml7wlxtd00fk29egdkm0adj9,9,true,false,false,,,4,2026-02-04T10:47:53.713Z
cml7wlxtd00fk29egdkm0adj9,10,true,false,false,,,4,2026-02-04T10:47:53.713Z
cml7wlxtd00fk29egdkm0adj9,11,true,false,false,,,4,2026-02-04T10:47:53.713Z
cml7wlxtd00fk29egdkm0adj9,12,false,true,true,2,2/4,4,2026-02-04T10:47:53.713Z
cml7wlxtd00fk29egdkm0adj9,13,false,true,true,3,3/4,4,2026-02-04T10:47:53.713Z
cml7wlxtd00fk29egdkm0adj9,14,true,false,false,,,4,2026-02-04T10:47:53.713Z
cml7wlxtd00fk29egdkm0adj9,15,false,true,true,1,1/4,4,2026-02-04T10:47:53.713Z
cml7wlxtd00fk29egdkm0adj9,16,true,false,false,,,4,2026-02-04T10:47:53.713Z
cml7wlxtd00fk29egdkm0adj9,17,true,false,false,,,4,2026-02-04T10:47:53.713Z
cml7wlxtd00fk29egdkm0adj9,18,true,false,false,,,4,2026-02-04T10:47:53.713Z
cml7wlxtd00fk29egdkm0adj9,19,true,false,false,,,4,2026-02-04T10:47:53.713Z
cml7wlxtd00fk29egdkm0adj9,20,true,false,false,,,4,2026-02-04T10:47:53.713Z
cml7wlxtd00fk29egdkm0adj9,21,true,false,false,,,4,2026-02-04T10:47:53.713Z
cml7wlxtd00fk29egdkm0adj9,22,true,false,false,,,4,2026-02-04T10:47:53.713Z
cml7wlxtd00fk29egdkm0adj9,23,true,false,false,,,4,2026-02-04T10:47:53.713Z
cml7wlxtd00fk29egdkm0adj9,24,false,true,true,4,4/4,4,2026-02-04T10:47:53.713Z
cml7wlxtd00fk29egdkm0adj9,25,true,false,false,,,4,2026-02-04T10:47:53.713Z
cml7wl1r900es29egqd9hkza1,1,true,false,false,,,4,2026-02-04T10:47:12.165Z
cml7wl1r900es29egqd9hkza1,2,true,false,false,,,4,2026-02-04T10:47:12.165Z
cml7wl1r900es29egqd9hkza1,3,false,true,true,3,3/5,4,2026-02-04T10:47:12.165Z
cml7wl1r900es29egqd9hkza1,4,true,false,false,,,4,2026-02-04T10:47:12.165Z
cml7wl1r900es29egqd9hkza1,5,true,false,false,,,4,2026-02-04T10:47:12.165Z
cml7wl1r900es29egqd9hkza1,6,true,false,false,,,4,2026-02-04T10:47:12.165Z
cml7wl1r900es29egqd9hkza1,7,false,true,true,2,2/5,4,2026-02-04T10:47:12.165Z
cml7wl1r900es29egqd9hkza1,8,true,false,false,,,4,2026-02-04T10:47:12.165Z
cml7wl1r900es29egqd9hkza1,9,true,false,false,,,4,2026-02-04T10:47:12.165Z
cml7wl1r900es29egqd9hkza1,10,true,false,false,,,4,2026-02-04T10:47:12.165Z
cml7wl1r900es29egqd9hkza1,11,true,false,false,,,4,2026-02-04T10:47:12.165Z
cml7wl1r900es29egqd9hkza1,12,true,false,false,,,4,2026-02-04T10:47:12.165Z
cml7wl1r900es29egqd9hkza1,13,true,false,false,,,4,2026-02-04T10:47:12.165Z
cml7wl1r900es29egqd9hkza1,14,true,false,false,,,4,2026-02-04T10:47:12.165Z
cml7wl1r900es29egqd9hkza1,15,false,true,true,4,4/5,4,2026-02-04T10:47:12.165Z
cml7wl1r900es29egqd9hkza1,16,true,false,false,,,4,2026-02-04T10:47:12.165Z
cml7wl1r900es29egqd9hkza1,17,true,false,false,,,4,2026-02-04T10:47:12.165Z
cml7wl1r900es29egqd9hkza1,18,true,false,true,1,1/5,4,2026-02-04T10:47:12.165Z
cml7wl1r900es29egqd9hkza1,19,true,false,false,,,4,2026-02-04T10:47:12.165Z
cml7wl1r900es29egqd9hkza1,20,true,false,false,,,4,2026-02-04T10:47:12.165Z
cml7wl1r900es29egqd9hkza1,21,false,true,true,5,5/5,4,2026-02-04T10:47:12.165Z
cml7wl1r900es29egqd9hkza1,22,true,false,false,,,4,2026-02-04T10:47:12.165Z
cml7wl1r900es29egqd9hkza1,23,true,false,false,,,4,2026-02-04T10:47:12.165Z
cml7wl1r900es29egqd9hkza1,24,true,false,false,,,4,2026-02-04T10:47:12.165Z
cml7wl1r900es29egqd9hkza1,25,true,false,false,,,4,2026-02-04T10:47:12.165Z
cml7wjh4a00dz29egqh1jcw8g,1,true,false,false,,,4,2026-02-04T10:45:58.762Z
cml7wjh4a00dz29egqh1jcw8g,2,true,false,false,,,4,2026-02-04T10:45:58.762Z
cml7wjh4a00dz29egqh1jcw8g,3,false,true,true,3,3/5,4,2026-02-04T10:45:58.762Z
cml7wjh4a00dz29egqh1jcw8g,4,true,false,false,,,4,2026-02-04T10:45:58.762Z
cml7wjh4a00dz29egqh1jcw8g,5,true,false,false,,,4,2026-02-04T10:45:58.762Z
cml7wjh4a00dz29egqh1jcw8g,6,true,false,false,,,4,2026-02-04T10:45:58.762Z
cml7wjh4a00dz29egqh1jcw8g,7,true,false,true,1,1/5,4,2026-02-04T10:45:58.762Z
cml7wjh4a00dz29egqh1jcw8g,8,true,false,false,,,4,2026-02-04T10:45:58.762Z
cml7wjh4a00dz29egqh1jcw8g,9,true,false,false,,,4,2026-02-04T10:45:58.762Z
cml7wjh4a00dz29egqh1jcw8g,10,true,false,false,,,4,2026-02-04T10:45:58.762Z
cml7wjh4a00dz29egqh1jcw8g,11,true,false,false,,,4,2026-02-04T10:45:58.762Z
cml7wjh4a00dz29egqh1jcw8g,12,true,false,false,,,4,2026-02-04T10:45:58.762Z
cml7wjh4a00dz29egqh1jcw8g,13,true,false,false,,,4,2026-02-04T10:45:58.762Z
cml7wjh4a00dz29egqh1jcw8g,14,false,true,true,4,4/5,4,2026-02-04T10:45:58.762Z
cml7wjh4a00dz29egqh1jcw8g,15,true,false,false,,,4,2026-02-04T10:45:58.762Z
cml7wjh4a00dz29egqh1jcw8g,16,true,false,false,,,4,2026-02-04T10:45:58.762Z
cml7wjh4a00dz29egqh1jcw8g,17,false,true,true,2,2/5,4,2026-02-04T10:45:58.762Z
cml7wjh4a00dz29egqh1jcw8g,18,false,true,true,5,5/5,4,2026-02-04T10:45:58.762Z
cml7wjh4a00dz29egqh1jcw8g,19,true,false,false,,,4,2026-02-04T10:45:58.762Z
cml7wjh4a00dz29egqh1jcw8g,20,true,false,false,,,4,2026-02-04T10:45:58.762Z
cml7wjh4a00dz29egqh1jcw8g,21,true,false,false,,,4,2026-02-04T10:45:58.762Z
cml7wjh4a00dz29egqh1jcw8g,22,true,false,false,,,4,2026-02-04T10:45:58.762Z
cml7wjh4a00dz29egqh1jcw8g,23,true,false,false,,,4,2026-02-04T10:45:58.762Z
cml7wjh4a00dz29egqh1jcw8g,24,true,false,false,,,4,2026-02-04T10:45:58.762Z
cml7wjh4a00dz29egqh1jcw8g,25,true,false,false,,,4,2026-02-04T10:45:58.762Z
cml7wi9m300d929eg2v9h1io5,1,false,true,true,1,1/4,4,2026-02-04T10:45:02.379Z
cml7wi9m300d929eg2v9h1io5,2,false,true,true,2,2/4,4,2026-02-04T10:45:02.379Z
cml7wi9m300d929eg2v9h1io5,3,true,false,false,,,4,2026-02-04T10:45:02.379Z
cml7wi9m300d929eg2v9h1io5,4,false,true,true,3,3/4,4,2026-02-04T10:45:02.379Z
cml7wi9m300d929eg2v9h1io5,5,true,false,false,,,4,2026-02-04T10:45:02.379Z
cml7wi9m300d929eg2v9h1io5,6,true,false,false,,,4,2026-02-04T10:45:02.379Z
cml7wi9m300d929eg2v9h1io5,7,true,false,false,,,4,2026-02-04T10:45:02.379Z
cml7wi9m300d929eg2v9h1io5,8,true,false,false,,,4,2026-02-04T10:45:02.379Z
cml7wi9m300d929eg2v9h1io5,9,false,true,true,4,4/4,4,2026-02-04T10:45:02.379Z
cml7wi9m300d929eg2v9h1io5,10,true,false,false,,,4,2026-02-04T10:45:02.379Z
cml7wi9m300d929eg2v9h1io5,11,true,false,false,,,4,2026-02-04T10:45:02.379Z
cml7wi9m300d929eg2v9h1io5,12,true,false,false,,,4,2026-02-04T10:45:02.379Z
cml7wi9m300d929eg2v9h1io5,13,true,false,false,,,4,2026-02-04T10:45:02.379Z
cml7wi9m300d929eg2v9h1io5,14,true,false,false,,,4,2026-02-04T10:45:02.379Z
cml7wi9m300d929eg2v9h1io5,15,true,false,false,,,4,2026-02-04T10:45:02.379Z
cml7wi9m300d929eg2v9h1io5,16,true,false,false,,,4,2026-02-04T10:45:02.379Z
cml7wi9m300d929eg2v9h1io5,17,true,false,false,,,4,2026-02-04T10:45:02.379Z
cml7wi9m300d929eg2v9h1io5,18,true,false,false,,,4,2026-02-04T10:45:02.379Z
cml7wi9m300d929eg2v9h1io5,19,true,false,false,,,4,2026-02-04T10:45:02.379Z
cml7wi9m300d929eg2v9h1io5,20,true,false,false,,,4,2026-02-04T10:45:02.379Z
cml7wi9m300d929eg2v9h1io5,21,true,false,false,,,4,2026-02-04T10:45:02.379Z
cml7wi9m300d929eg2v9h1io5,22,true,false,false,,,4,2026-02-04T10:45:02.379Z
cml7wi9m300d929eg2v9h1io5,23,true,false,false,,,4,2026-02-04T10:45:02.379Z
cml7wi9m300d929eg2v9h1io5,24,true,false,false,,,4,2026-02-04T10:45:02.379Z
cml7wi9m300d929eg2v9h1io5,25,true,false,false,,,4,2026-02-04T10:45:02.379Z
cml7whq1e00ci29eg416ncqzh,1,true,false,false,,,4,2026-02-04T10:44:37.010Z
cml7whq1e00ci29eg416ncqzh,2,true,false,false,,,4,2026-02-04T10:44:37.010Z
cml7whq1e00ci29eg416ncqzh,3,true,false,false,,,4,2026-02-04T10:44:37.010Z
cml7whq1e00ci29eg416ncqzh,4,true,false,false,,,4,2026-02-04T10:44:37.010Z
cml7whq1e00ci29eg416ncqzh,5,true,false,false,,,4,2026-02-04T10:44:37.010Z
cml7whq1e00ci29eg416ncqzh,6,true,false,false,,,4,2026-02-04T10:44:37.010Z
cml7whq1e00ci29eg416ncqzh,7,true,false,false,,,4,2026-02-04T10:44:37.010Z
cml7whq1e00ci29eg416ncqzh,8,true,false,false,,,4,2026-02-04T10:44:37.010Z
cml7whq1e00ci29eg416ncqzh,9,true,false,false,,,4,2026-02-04T10:44:37.010Z
cml7whq1e00ci29eg416ncqzh,10,true,false,true,4,4/4,4,2026-02-04T10:44:37.010Z
cml7whq1e00ci29eg416ncqzh,11,true,false,false,,,4,2026-02-04T10:44:37.010Z
cml7whq1e00ci29eg416ncqzh,12,true,false,false,,,4,2026-02-04T10:44:37.010Z
cml7whq1e00ci29eg416ncqzh,13,true,false,true,2,2/4,4,2026-02-04T10:44:37.010Z
cml7whq1e00ci29eg416ncqzh,14,true,false,false,,,4,2026-02-04T10:44:37.010Z
cml7whq1e00ci29eg416ncqzh,15,true,false,false,,,4,2026-02-04T10:44:37.010Z
cml7whq1e00ci29eg416ncqzh,16,true,false,false,,,4,2026-02-04T10:44:37.010Z
cml7whq1e00ci29eg416ncqzh,17,true,false,false,,,4,2026-02-04T10:44:37.010Z
cml7whq1e00ci29eg416ncqzh,18,true,false,false,,,4,2026-02-04T10:44:37.010Z
cml7whq1e00ci29eg416ncqzh,19,true,false,true,1,1/4,4,2026-02-04T10:44:37.010Z
cml7whq1e00ci29eg416ncqzh,20,true,false,false,,,4,2026-02-04T10:44:37.010Z
cml7whq1e00ci29eg416ncqzh,21,true,false,false,,,4,2026-02-04T10:44:37.010Z
cml7whq1e00ci29eg416ncqzh,22,true,false,false,,,4,2026-02-04T10:44:37.010Z
cml7whq1e00ci29eg416ncqzh,23,true,false,true,3,3/4,4,2026-02-04T10:44:37.010Z
cml7whq1e00ci29eg416ncqzh,24,true,false,false,,,4,2026-02-04T10:44:37.010Z
cml7whq1e00ci29eg416ncqzh,25,true,false,false,,,4,2026-02-04T10:44:37.010Z
cml7wgex200bn29eg7u7kwlp3,1,true,false,false,,,4,2026-02-04T10:43:35.942Z
cml7wgex200bn29eg7u7kwlp3,2,false,true,true,4,4/6,4,2026-02-04T10:43:35.942Z
cml7wgex200bn29eg7u7kwlp3,3,true,false,false,,,4,2026-02-04T10:43:35.942Z
cml7wgex200bn29eg7u7kwlp3,4,true,false,false,,,4,2026-02-04T10:43:35.942Z
cml7wgex200bn29eg7u7kwlp3,5,true,false,false,,,4,2026-02-04T10:43:35.942Z
cml7wgex200bn29eg7u7kwlp3,6,true,false,false,,,4,2026-02-04T10:43:35.942Z
cml7wgex200bn29eg7u7kwlp3,7,true,false,false,,,4,2026-02-04T10:43:35.942Z
cml7wgex200bn29eg7u7kwlp3,8,true,false,false,,,4,2026-02-04T10:43:35.942Z
cml7wgex200bn29eg7u7kwlp3,9,true,false,false,,,4,2026-02-04T10:43:35.942Z
cml7wgex200bn29eg7u7kwlp3,10,true,false,true,2,2/6,4,2026-02-04T10:43:35.942Z
cml7wgex200bn29eg7u7kwlp3,11,true,false,false,,,4,2026-02-04T10:43:35.942Z
cml7wgex200bn29eg7u7kwlp3,12,false,true,true,5,5/6,4,2026-02-04T10:43:35.942Z
cml7wgex200bn29eg7u7kwlp3,13,true,false,false,,,4,2026-02-04T10:43:35.942Z
cml7wgex200bn29eg7u7kwlp3,14,true,false,false,,,4,2026-02-04T10:43:35.942Z
cml7wgex200bn29eg7u7kwlp3,15,true,false,false,,,4,2026-02-04T10:43:35.942Z
cml7wgex200bn29eg7u7kwlp3,16,true,false,false,,,4,2026-02-04T10:43:35.942Z
cml7wgex200bn29eg7u7kwlp3,17,true,false,true,1,1/6,4,2026-02-04T10:43:35.942Z
cml7wgex200bn29eg7u7kwlp3,18,true,false,false,,,4,2026-02-04T10:43:35.942Z
cml7wgex200bn29eg7u7kwlp3,19,true,false,false,,,4,2026-02-04T10:43:35.942Z
cml7wgex200bn29eg7u7kwlp3,20,false,true,true,3,3/6,4,2026-02-04T10:43:35.942Z
cml7wgex200bn29eg7u7kwlp3,21,false,true,true,6,6/6,4,2026-02-04T10:43:35.942Z
cml7wgex200bn29eg7u7kwlp3,22,true,false,false,,,4,2026-02-04T10:43:35.942Z
cml7wgex200bn29eg7u7kwlp3,23,true,false,false,,,4,2026-02-04T10:43:35.942Z
cml7wgex200bn29eg7u7kwlp3,24,true,false,false,,,4,2026-02-04T10:43:35.942Z
cml7wgex200bn29eg7u7kwlp3,25,true,false,false,,,4,2026-02-04T10:43:35.942Z
cml7wf17h00au29egst8bp72s,1,true,false,false,,,4,2026-02-04T10:42:31.517Z
cml7wf17h00au29egst8bp72s,2,true,false,false,,,4,2026-02-04T10:42:31.517Z
cml7wf17h00au29egst8bp72s,3,true,false,false,,,4,2026-02-04T10:42:31.517Z
cml7wf17h00au29egst8bp72s,4,true,false,false,,,4,2026-02-04T10:42:31.517Z
cml7wf17h00au29egst8bp72s,5,true,false,false,,,4,2026-02-04T10:42:31.517Z
cml7wf17h00au29egst8bp72s,6,true,false,false,,,4,2026-02-04T10:42:31.517Z
cml7wf17h00au29egst8bp72s,7,true,false,false,,,4,2026-02-04T10:42:31.517Z
cml7wf17h00au29egst8bp72s,8,true,false,false,,,4,2026-02-04T10:42:31.517Z
cml7wf17h00au29egst8bp72s,9,true,false,false,,,4,2026-02-04T10:42:31.517Z
cml7wf17h00au29egst8bp72s,10,true,false,false,,,4,2026-02-04T10:42:31.517Z
cml7wf17h00au29egst8bp72s,11,true,false,false,,,4,2026-02-04T10:42:31.517Z
cml7wf17h00au29egst8bp72s,12,true,false,false,,,4,2026-02-04T10:42:31.517Z
cml7wf17h00au29egst8bp72s,13,true,false,false,,,4,2026-02-04T10:42:31.517Z
cml7wf17h00au29egst8bp72s,14,true,false,false,,,4,2026-02-04T10:42:31.517Z
cml7wf17h00au29egst8bp72s,15,true,false,true,1,1/5,4,2026-02-04T10:42:31.517Z
cml7wf17h00au29egst8bp72s,16,false,true,true,3,3/5,4,2026-02-04T10:42:31.517Z
cml7wf17h00au29egst8bp72s,17,true,false,false,,,4,2026-02-04T10:42:31.517Z
cml7wf17h00au29egst8bp72s,18,false,true,true,4,4/5,4,2026-02-04T10:42:31.517Z
cml7wf17h00au29egst8bp72s,19,false,true,true,2,2/5,4,2026-02-04T10:42:31.517Z
cml7wf17h00au29egst8bp72s,20,true,false,false,,,4,2026-02-04T10:42:31.517Z
cml7wf17h00au29egst8bp72s,21,false,true,true,5,5/5,4,2026-02-04T10:42:31.517Z
cml7wf17h00au29egst8bp72s,22,true,false,false,,,4,2026-02-04T10:42:31.517Z
cml7wf17h00au29egst8bp72s,23,true,false,false,,,4,2026-02-04T10:42:31.517Z
cml7wf17h00au29egst8bp72s,24,true,false,false,,,4,2026-02-04T10:42:31.517Z
cml7wf17h00au29egst8bp72s,25,true,false,false,,,4,2026-02-04T10:42:31.517Z
cml7wdn5r009x29eg6m62hmhd,1,true,false,false,,,4,2026-02-04T10:41:26.655Z
cml7wdn5r009x29eg6m62hmhd,2,true,false,false,,,4,2026-02-04T10:41:26.655Z
cml7wdn5r009x29eg6m62hmhd,3,true,false,false,,,4,2026-02-04T10:41:26.655Z
cml7wdn5r009x29eg6m62hmhd,4,true,false,false,,,4,2026-02-04T10:41:26.655Z
cml7wdn5r009x29eg6m62hmhd,5,true,false,false,,,4,2026-02-04T10:41:26.655Z
cml7wdn5r009x29eg6m62hmhd,6,true,false,false,,,4,2026-02-04T10:41:26.655Z
cml7wdn5r009x29eg6m62hmhd,7,true,false,true,2,2/7,4,2026-02-04T10:41:26.655Z
cml7wdn5r009x29eg6m62hmhd,8,true,false,false,,,4,2026-02-04T10:41:26.655Z
cml7wdn5r009x29eg6m62hmhd,9,false,true,true,5,5/7,4,2026-02-04T10:41:26.655Z
cml7wdn5r009x29eg6m62hmhd,10,true,false,false,,,4,2026-02-04T10:41:26.655Z
cml7wdn5r009x29eg6m62hmhd,11,true,false,false,,,4,2026-02-04T10:41:26.655Z
cml7wdn5r009x29eg6m62hmhd,12,true,false,false,,,4,2026-02-04T10:41:26.655Z
cml7wdn5r009x29eg6m62hmhd,13,false,true,true,6,6/7,4,2026-02-04T10:41:26.655Z
cml7wdn5r009x29eg6m62hmhd,14,false,true,true,4,4/7,4,2026-02-04T10:41:26.655Z
cml7wdn5r009x29eg6m62hmhd,15,true,false,false,,,4,2026-02-04T10:41:26.655Z
cml7wdn5r009x29eg6m62hmhd,16,true,false,false,,,4,2026-02-04T10:41:26.655Z
cml7wdn5r009x29eg6m62hmhd,17,true,false,false,,,4,2026-02-04T10:41:26.655Z
cml7wdn5r009x29eg6m62hmhd,18,true,false,false,,,4,2026-02-04T10:41:26.655Z
cml7wdn5r009x29eg6m62hmhd,19,true,false,true,3,3/7,4,2026-02-04T10:41:26.655Z
cml7wdn5r009x29eg6m62hmhd,20,true,false,true,1,1/7,4,2026-02-04T10:41:26.655Z
cml7wdn5r009x29eg6m62hmhd,21,true,false,false,,,4,2026-02-04T10:41:26.655Z
cml7wdn5r009x29eg6m62hmhd,22,true,false,false,,,4,2026-02-04T10:41:26.655Z
cml7wdn5r009x29eg6m62hmhd,23,true,false,false,,,4,2026-02-04T10:41:26.655Z
cml7wdn5r009x29eg6m62hmhd,24,true,false,false,,,4,2026-02-04T10:41:26.655Z
cml7wdn5r009x29eg6m62hmhd,25,false,true,true,7,7/7,4,2026-02-04T10:41:26.655Z
cml7wbpjr009229egxp7s6qex,1,true,false,false,,,4,2026-02-04T10:39:56.439Z
cml7wbpjr009229egxp7s6qex,2,true,false,false,,,4,2026-02-04T10:39:56.439Z
cml7wbpjr009229egxp7s6qex,3,true,false,false,,,4,2026-02-04T10:39:56.439Z
cml7wbpjr009229egxp7s6qex,4,false,true,true,5,5/7,4,2026-02-04T10:39:56.439Z
cml7wbpjr009229egxp7s6qex,5,true,false,false,,,4,2026-02-04T10:39:56.439Z
cml7wbpjr009229egxp7s6qex,6,false,true,true,6,6/7,4,2026-02-04T10:39:56.439Z
cml7wbpjr009229egxp7s6qex,7,true,false,false,,,4,2026-02-04T10:39:56.439Z
cml7wbpjr009229egxp7s6qex,8,true,false,false,,,4,2026-02-04T10:39:56.439Z
cml7wbpjr009229egxp7s6qex,9,true,false,false,,,4,2026-02-04T10:39:56.439Z
cml7wbpjr009229egxp7s6qex,10,true,false,true,1,1/7,4,2026-02-04T10:39:56.439Z
cml7wbpjr009229egxp7s6qex,11,true,false,false,,,4,2026-02-04T10:39:56.439Z
cml7wbpjr009229egxp7s6qex,12,true,false,false,,,4,2026-02-04T10:39:56.439Z
cml7wbpjr009229egxp7s6qex,13,true,false,true,3,3/7,4,2026-02-04T10:39:56.439Z
cml7wbpjr009229egxp7s6qex,14,true,false,false,,,4,2026-02-04T10:39:56.439Z
cml7wbpjr009229egxp7s6qex,15,true,false,false,,,4,2026-02-04T10:39:56.439Z
cml7wbpjr009229egxp7s6qex,16,true,false,false,,,4,2026-02-04T10:39:56.439Z
cml7wbpjr009229egxp7s6qex,17,false,true,true,4,4/7,4,2026-02-04T10:39:56.439Z
cml7wbpjr009229egxp7s6qex,18,true,false,false,,,4,2026-02-04T10:39:56.439Z
cml7wbpjr009229egxp7s6qex,19,true,false,true,2,2/7,4,2026-02-04T10:39:56.439Z
cml7wbpjr009229egxp7s6qex,20,true,false,false,,,4,2026-02-04T10:39:56.439Z
cml7wbpjr009229egxp7s6qex,21,true,false,false,,,4,2026-02-04T10:39:56.439Z
cml7wbpjr009229egxp7s6qex,22,false,true,true,7,7/7,4,2026-02-04T10:39:56.439Z
cml7wbpjr009229egxp7s6qex,23,true,false,false,,,4,2026-02-04T10:39:56.439Z
cml7wbpjr009229egxp7s6qex,24,true,false,false,,,4,2026-02-04T10:39:56.439Z
cml7wbpjr009229egxp7s6qex,25,true,false,false,,,4,2026-02-04T10:39:56.439Z
cml7w9ru5008b29ega15n30p8,1,true,false,false,,,4,2026-02-04T10:38:26.093Z
cml7w9ru5008b29ega15n30p8,2,true,false,false,,,4,2026-02-04T10:38:26.093Z
cml7w9ru5008b29ega15n30p8,3,true,false,false,,,4,2026-02-04T10:38:26.093Z
cml7w9ru5008b29ega15n30p8,4,true,false,false,,,4,2026-02-04T10:38:26.093Z
cml7w9ru5008b29ega15n30p8,5,false,true,true,1,1/4,4,2026-02-04T10:38:26.093Z
cml7w9ru5008b29ega15n30p8,6,true,false,false,,,4,2026-02-04T10:38:26.093Z
cml7w9ru5008b29ega15n30p8,7,true,false,false,,,4,2026-02-04T10:38:26.093Z
cml7w9ru5008b29ega15n30p8,8,true,false,false,,,4,2026-02-04T10:38:26.093Z
cml7w9ru5008b29ega15n30p8,9,true,false,false,,,4,2026-02-04T10:38:26.093Z
cml7w9ru5008b29ega15n30p8,10,true,false,false,,,4,2026-02-04T10:38:26.093Z
cml7w9ru5008b29ega15n30p8,11,false,true,true,2,2/4,4,2026-02-04T10:38:26.093Z
cml7w9ru5008b29ega15n30p8,12,true,false,false,,,4,2026-02-04T10:38:26.093Z
cml7w9ru5008b29ega15n30p8,13,true,false,false,,,4,2026-02-04T10:38:26.093Z
cml7w9ru5008b29ega15n30p8,14,true,false,false,,,4,2026-02-04T10:38:26.093Z
cml7w9ru5008b29ega15n30p8,15,true,false,false,,,4,2026-02-04T10:38:26.093Z
cml7w9ru5008b29ega15n30p8,16,false,true,true,3,3/4,4,2026-02-04T10:38:26.093Z
cml7w9ru5008b29ega15n30p8,17,true,false,false,,,4,2026-02-04T10:38:26.093Z
cml7w9ru5008b29ega15n30p8,18,true,false,false,,,4,2026-02-04T10:38:26.093Z
cml7w9ru5008b29ega15n30p8,19,true,false,false,,,4,2026-02-04T10:38:26.093Z
cml7w9ru5008b29ega15n30p8,20,true,false,false,,,4,2026-02-04T10:38:26.093Z
cml7w9ru5008b29ega15n30p8,21,false,true,true,4,4/4,4,2026-02-04T10:38:26.093Z
cml7w9ru5008b29ega15n30p8,22,true,false,false,,,4,2026-02-04T10:38:26.093Z
cml7w9ru5008b29ega15n30p8,23,true,false,false,,,4,2026-02-04T10:38:26.093Z
cml7w9ru5008b29ega15n30p8,24,true,false,false,,,4,2026-02-04T10:38:26.093Z
cml7w9ru5008b29ega15n30p8,25,true,false,false,,,4,2026-02-04T10:38:26.093Z
cml7w98uq007k29eg5i6g2vv4,1,true,false,false,,,4,2026-02-04T10:38:01.491Z
cml7w98uq007k29eg5i6g2vv4,2,true,false,false,,,4,2026-02-04T10:38:01.491Z
cml7w98uq007k29eg5i6g2vv4,3,true,false,false,,,4,2026-02-04T10:38:01.491Z
cml7w98uq007k29eg5i6g2vv4,4,true,false,false,,,4,2026-02-04T10:38:01.491Z
cml7w98uq007k29eg5i6g2vv4,5,true,false,false,,,4,2026-02-04T10:38:01.491Z
cml7w98uq007k29eg5i6g2vv4,6,true,false,false,,,4,2026-02-04T10:38:01.491Z
cml7w98uq007k29eg5i6g2vv4,7,true,false,false,,,4,2026-02-04T10:38:01.491Z
cml7w98uq007k29eg5i6g2vv4,8,true,false,false,,,4,2026-02-04T10:38:01.491Z
cml7w98uq007k29eg5i6g2vv4,9,true,false,false,,,4,2026-02-04T10:38:01.491Z
cml7w98uq007k29eg5i6g2vv4,10,true,false,false,,,4,2026-02-04T10:38:01.491Z
cml7w98uq007k29eg5i6g2vv4,11,true,false,false,,,4,2026-02-04T10:38:01.491Z
cml7w98uq007k29eg5i6g2vv4,12,true,false,false,,,4,2026-02-04T10:38:01.491Z
cml7w98uq007k29eg5i6g2vv4,13,true,false,true,2,2/4,4,2026-02-04T10:38:01.491Z
cml7w98uq007k29eg5i6g2vv4,14,true,false,true,4,4/4,4,2026-02-04T10:38:01.491Z
cml7w98uq007k29eg5i6g2vv4,15,true,false,false,,,4,2026-02-04T10:38:01.491Z
cml7w98uq007k29eg5i6g2vv4,16,true,false,false,,,4,2026-02-04T10:38:01.491Z
cml7w98uq007k29eg5i6g2vv4,17,true,false,false,,,4,2026-02-04T10:38:01.491Z
cml7w98uq007k29eg5i6g2vv4,18,true,false,true,1,1/4,4,2026-02-04T10:38:01.491Z
cml7w98uq007k29eg5i6g2vv4,19,true,false,true,3,3/4,4,2026-02-04T10:38:01.491Z
cml7w98uq007k29eg5i6g2vv4,20,true,false,false,,,4,2026-02-04T10:38:01.491Z
cml7w98uq007k29eg5i6g2vv4,21,true,false,false,,,4,2026-02-04T10:38:01.491Z
cml7w98uq007k29eg5i6g2vv4,22,true,false,false,,,4,2026-02-04T10:38:01.491Z
cml7w98uq007k29eg5i6g2vv4,23,true,false,false,,,4,2026-02-04T10:38:01.491Z
cml7w98uq007k29eg5i6g2vv4,24,true,false,false,,,4,2026-02-04T10:38:01.491Z
cml7w98uq007k29eg5i6g2vv4,25,true,false,false,,,4,2026-02-04T10:38:01.491Z
cml7w7dxt006o29egx6gcs4l5,1,true,false,false,,,4,2026-02-04T10:36:34.707Z
cml7w7dxt006o29egx6gcs4l5,2,true,false,false,,,4,2026-02-04T10:36:34.707Z
cml7w7dxt006o29egx6gcs4l5,3,true,false,false,,,4,2026-02-04T10:36:34.707Z
cml7w7dxt006o29egx6gcs4l5,4,true,false,false,,,4,2026-02-04T10:36:34.707Z
cml7w7dxt006o29egx6gcs4l5,5,true,false,false,,,4,2026-02-04T10:36:34.707Z
cml7w7dxt006o29egx6gcs4l5,6,true,false,false,,,4,2026-02-04T10:36:34.707Z
cml7w7dxt006o29egx6gcs4l5,7,true,false,true,1,1/7,4,2026-02-04T10:36:34.707Z
cml7w7dxt006o29egx6gcs4l5,8,false,true,true,5,5/7,4,2026-02-04T10:36:34.707Z
cml7w7dxt006o29egx6gcs4l5,9,true,false,false,,,4,2026-02-04T10:36:34.707Z
cml7w7dxt006o29egx6gcs4l5,10,true,false,false,,,4,2026-02-04T10:36:34.707Z
cml7w7dxt006o29egx6gcs4l5,11,true,false,false,,,4,2026-02-04T10:36:34.707Z
cml7w7dxt006o29egx6gcs4l5,12,true,false,false,,,4,2026-02-04T10:36:34.707Z
cml7w7dxt006o29egx6gcs4l5,13,true,false,true,3,3/7,4,2026-02-04T10:36:34.707Z
cml7w7dxt006o29egx6gcs4l5,14,false,true,true,6,6/7,4,2026-02-04T10:36:34.707Z
cml7w7dxt006o29egx6gcs4l5,15,true,false,false,,,4,2026-02-04T10:36:34.707Z
cml7w7dxt006o29egx6gcs4l5,16,true,false,false,,,4,2026-02-04T10:36:34.707Z
cml7w7dxt006o29egx6gcs4l5,17,true,false,true,2,2/7,4,2026-02-04T10:36:34.707Z
cml7w7dxt006o29egx6gcs4l5,18,true,false,false,,,4,2026-02-04T10:36:34.707Z
cml7w7dxt006o29egx6gcs4l5,19,true,false,false,,,4,2026-02-04T10:36:34.707Z
cml7w7dxt006o29egx6gcs4l5,20,true,false,false,,,4,2026-02-04T10:36:34.707Z
cml7w7dxt006o29egx6gcs4l5,21,false,true,true,4,4/7,4,2026-02-04T10:36:34.707Z
cml7w7dxt006o29egx6gcs4l5,22,true,false,false,,,4,2026-02-04T10:36:34.707Z
cml7w7dxt006o29egx6gcs4l5,23,true,false,false,,,4,2026-02-04T10:36:34.707Z
cml7w7dxt006o29egx6gcs4l5,24,true,false,false,,,4,2026-02-04T10:36:34.707Z
cml7w7dxt006o29egx6gcs4l5,25,false,true,true,7,7/7,4,2026-02-04T10:36:34.707Z
cml7w1av6005y29egknoqubdr,1,true,false,false,,,4,2026-02-04T10:31:50.849Z
cml7w1av6005y29egknoqubdr,2,true,false,false,,,4,2026-02-04T10:31:50.849Z
cml7w1av6005y29egknoqubdr,3,false,true,true,1,1/4,4,2026-02-04T10:31:50.849Z
cml7w1av6005y29egknoqubdr,4,true,false,false,,,4,2026-02-04T10:31:50.849Z
cml7w1av6005y29egknoqubdr,5,true,false,false,,,4,2026-02-04T10:31:50.849Z
cml7w1av6005y29egknoqubdr,6,true,false,false,,,4,2026-02-04T10:31:50.849Z
cml7w1av6005y29egknoqubdr,7,true,false,false,,,4,2026-02-04T10:31:50.849Z
cml7w1av6005y29egknoqubdr,8,false,true,true,2,2/4,4,2026-02-04T10:31:50.849Z
cml7w1av6005y29egknoqubdr,9,true,false,false,,,4,2026-02-04T10:31:50.849Z
cml7w1av6005y29egknoqubdr,10,true,false,false,,,4,2026-02-04T10:31:50.849Z
cml7w1av6005y29egknoqubdr,11,true,false,false,,,4,2026-02-04T10:31:50.849Z
cml7w1av6005y29egknoqubdr,12,true,false,false,,,4,2026-02-04T10:31:50.849Z
cml7w1av6005y29egknoqubdr,13,true,false,false,,,4,2026-02-04T10:31:50.849Z
cml7w1av6005y29egknoqubdr,14,true,false,false,,,4,2026-02-04T10:31:50.849Z
cml7w1av6005y29egknoqubdr,15,true,false,false,,,4,2026-02-04T10:31:50.849Z
cml7w1av6005y29egknoqubdr,16,true,false,false,,,4,2026-02-04T10:31:50.849Z
cml7w1av6005y29egknoqubdr,17,true,false,false,,,4,2026-02-04T10:31:50.849Z
cml7w1av6005y29egknoqubdr,18,true,false,false,,,4,2026-02-04T10:31:50.849Z
cml7w1av6005y29egknoqubdr,19,false,true,true,3,3/4,4,2026-02-04T10:31:50.849Z
cml7w1av6005y29egknoqubdr,20,true,false,false,,,4,2026-02-04T10:31:50.849Z
cml7w1av6005y29egknoqubdr,21,true,false,false,,,4,2026-02-04T10:31:50.849Z
cml7w1av6005y29egknoqubdr,22,true,false,false,,,4,2026-02-04T10:31:50.849Z
cml7w1av6005y29egknoqubdr,23,true,false,false,,,4,2026-02-04T10:31:50.849Z
cml7w1av6005y29egknoqubdr,24,false,true,true,4,4/4,4,2026-02-04T10:31:50.849Z
cml7w1av6005y29egknoqubdr,25,true,false,false,,,4,2026-02-04T10:31:50.849Z
cml7w0n7q005729egg3vn0m0r,1,true,false,false,,,4,2026-02-04T10:31:20.198Z
cml7w0n7q005729egg3vn0m0r,2,true,false,false,,,4,2026-02-04T10:31:20.198Z
cml7w0n7q005729egg3vn0m0r,3,true,false,false,,,4,2026-02-04T10:31:20.198Z
cml7w0n7q005729egg3vn0m0r,4,true,false,false,,,4,2026-02-04T10:31:20.198Z
cml7w0n7q005729egg3vn0m0r,5,true,false,false,,,4,2026-02-04T10:31:20.198Z
cml7w0n7q005729egg3vn0m0r,6,true,false,false,,,4,2026-02-04T10:31:20.198Z
cml7w0n7q005729egg3vn0m0r,7,true,false,true,4,4/4,4,2026-02-04T10:31:20.198Z
cml7w0n7q005729egg3vn0m0r,8,true,false,false,,,4,2026-02-04T10:31:20.198Z
cml7w0n7q005729egg3vn0m0r,9,true,false,false,,,4,2026-02-04T10:31:20.198Z
cml7w0n7q005729egg3vn0m0r,10,true,false,false,,,4,2026-02-04T10:31:20.198Z
cml7w0n7q005729egg3vn0m0r,11,true,false,false,,,4,2026-02-04T10:31:20.198Z
cml7w0n7q005729egg3vn0m0r,12,true,false,false,,,4,2026-02-04T10:31:20.198Z
cml7w0n7q005729egg3vn0m0r,13,true,false,true,2,2/4,4,2026-02-04T10:31:20.198Z
cml7w0n7q005729egg3vn0m0r,14,true,false,false,,,4,2026-02-04T10:31:20.198Z
cml7w0n7q005729egg3vn0m0r,15,true,false,false,,,4,2026-02-04T10:31:20.198Z
cml7w0n7q005729egg3vn0m0r,16,true,false,false,,,4,2026-02-04T10:31:20.198Z
cml7w0n7q005729egg3vn0m0r,17,true,false,true,3,3/4,4,2026-02-04T10:31:20.198Z
cml7w0n7q005729egg3vn0m0r,18,true,false,false,,,4,2026-02-04T10:31:20.198Z
cml7w0n7q005729egg3vn0m0r,19,true,false,false,,,4,2026-02-04T10:31:20.198Z
cml7w0n7q005729egg3vn0m0r,20,true,false,false,,,4,2026-02-04T10:31:20.198Z
cml7w0n7q005729egg3vn0m0r,21,true,false,false,,,4,2026-02-04T10:31:20.198Z
cml7w0n7q005729egg3vn0m0r,22,true,false,false,,,4,2026-02-04T10:31:20.198Z
cml7w0n7q005729egg3vn0m0r,23,true,false,true,1,1/4,4,2026-02-04T10:31:20.198Z
cml7w0n7q005729egg3vn0m0r,24,true,false,false,,,4,2026-02-04T10:31:20.198Z
cml7w0n7q005729egg3vn0m0r,25,true,false,false,,,4,2026-02-04T10:31:20.198Z
cml7vz6gq004h29egp8rn259y,1,true,false,false,,,4,2026-02-04T10:30:11.834Z
cml7vz6gq004h29egp8rn259y,2,false,true,true,2,2/4,4,2026-02-04T10:30:11.834Z
cml7vz6gq004h29egp8rn259y,3,true,false,false,,,4,2026-02-04T10:30:11.834Z
cml7vz6gq004h29egp8rn259y,4,false,true,true,3,3/4,4,2026-02-04T10:30:11.834Z
cml7vz6gq004h29egp8rn259y,5,true,false,false,,,4,2026-02-04T10:30:11.834Z
cml7vz6gq004h29egp8rn259y,6,true,false,false,,,4,2026-02-04T10:30:11.834Z
cml7vz6gq004h29egp8rn259y,7,true,false,false,,,4,2026-02-04T10:30:11.834Z
cml7vz6gq004h29egp8rn259y,8,true,false,false,,,4,2026-02-04T10:30:11.834Z
cml7vz6gq004h29egp8rn259y,9,false,true,true,4,4/4,4,2026-02-04T10:30:11.834Z
cml7vz6gq004h29egp8rn259y,10,true,false,false,,,4,2026-02-04T10:30:11.834Z
cml7vz6gq004h29egp8rn259y,11,true,false,false,,,4,2026-02-04T10:30:11.834Z
cml7vz6gq004h29egp8rn259y,12,true,false,false,,,4,2026-02-04T10:30:11.834Z
cml7vz6gq004h29egp8rn259y,13,true,false,false,,,4,2026-02-04T10:30:11.834Z
cml7vz6gq004h29egp8rn259y,14,true,false,false,,,4,2026-02-04T10:30:11.834Z
cml7vz6gq004h29egp8rn259y,15,true,false,false,,,4,2026-02-04T10:30:11.834Z
cml7vz6gq004h29egp8rn259y,16,true,false,false,,,4,2026-02-04T10:30:11.834Z
cml7vz6gq004h29egp8rn259y,17,false,true,true,1,1/4,4,2026-02-04T10:30:11.834Z
cml7vz6gq004h29egp8rn259y,18,true,false,false,,,4,2026-02-04T10:30:11.834Z
cml7vz6gq004h29egp8rn259y,19,true,false,false,,,4,2026-02-04T10:30:11.834Z
cml7vz6gq004h29egp8rn259y,20,true,false,false,,,4,2026-02-04T10:30:11.834Z
cml7vz6gq004h29egp8rn259y,21,true,false,false,,,4,2026-02-04T10:30:11.834Z
cml7vz6gq004h29egp8rn259y,22,true,false,false,,,4,2026-02-04T10:30:11.834Z
cml7vz6gq004h29egp8rn259y,23,true,false,false,,,4,2026-02-04T10:30:11.834Z
cml7vz6gq004h29egp8rn259y,24,true,false,false,,,4,2026-02-04T10:30:11.834Z
cml7vz6gq004h29egp8rn259y,25,true,false,false,,,4,2026-02-04T10:30:11.834Z
cml7vyb3p003n29eg2sdwt0gi,1,true,false,false,,,4,2026-02-04T10:29:31.189Z
cml7vyb3p003n29eg2sdwt0gi,2,true,false,false,,,4,2026-02-04T10:29:31.189Z
cml7vyb3p003n29eg2sdwt0gi,3,true,false,false,,,4,2026-02-04T10:29:31.189Z
cml7vyb3p003n29eg2sdwt0gi,4,true,false,false,,,4,2026-02-04T10:29:31.189Z
cml7vyb3p003n29eg2sdwt0gi,5,true,false,false,,,4,2026-02-04T10:29:31.189Z
cml7vyb3p003n29eg2sdwt0gi,6,true,false,false,,,4,2026-02-04T10:29:31.189Z
cml7vyb3p003n29eg2sdwt0gi,7,true,false,true,3,3/7,4,2026-02-04T10:29:31.189Z
cml7vyb3p003n29eg2sdwt0gi,8,true,false,false,,,4,2026-02-04T10:29:31.189Z
cml7vyb3p003n29eg2sdwt0gi,9,true,false,false,,,4,2026-02-04T10:29:31.189Z
cml7vyb3p003n29eg2sdwt0gi,10,true,false,false,,,4,2026-02-04T10:29:31.189Z
cml7vyb3p003n29eg2sdwt0gi,11,true,false,false,,,4,2026-02-04T10:29:31.189Z
cml7vyb3p003n29eg2sdwt0gi,12,false,true,true,5,5/7,4,2026-02-04T10:29:31.189Z
cml7vyb3p003n29eg2sdwt0gi,13,true,false,false,,,4,2026-02-04T10:29:31.189Z
cml7vyb3p003n29eg2sdwt0gi,14,true,false,true,1,1/7,4,2026-02-04T10:29:31.189Z
cml7vyb3p003n29eg2sdwt0gi,15,true,false,false,,,4,2026-02-04T10:29:31.189Z
cml7vyb3p003n29eg2sdwt0gi,16,false,true,true,6,6/7,4,2026-02-04T10:29:31.189Z
cml7vyb3p003n29eg2sdwt0gi,17,true,false,false,,,4,2026-02-04T10:29:31.189Z
cml7vyb3p003n29eg2sdwt0gi,18,true,false,true,2,2/7,4,2026-02-04T10:29:31.189Z
cml7vyb3p003n29eg2sdwt0gi,19,true,false,false,,,4,2026-02-04T10:29:31.189Z
cml7vyb3p003n29eg2sdwt0gi,20,false,true,true,4,4/7,4,2026-02-04T10:29:31.189Z
cml7vyb3p003n29eg2sdwt0gi,21,true,false,false,,,4,2026-02-04T10:29:31.189Z
cml7vyb3p003n29eg2sdwt0gi,22,true,false,false,,,4,2026-02-04T10:29:31.189Z
cml7vyb3p003n29eg2sdwt0gi,23,false,true,true,7,7/7,4,2026-02-04T10:29:31.189Z
cml7vyb3p003n29eg2sdwt0gi,24,true,false,false,,,4,2026-02-04T10:29:31.189Z
cml7vyb3p003n29eg2sdwt0gi,25,true,false,false,,,4,2026-02-04T10:29:31.189Z
cml7vw78v002w29eg6o0ziv6f,1,true,false,false,,,4,2026-02-04T10:27:52.874Z
cml7vw78v002w29eg6o0ziv6f,2,true,false,false,,,4,2026-02-04T10:27:52.874Z
cml7vw78v002w29eg6o0ziv6f,3,true,false,false,,,4,2026-02-04T10:27:52.874Z
cml7vw78v002w29eg6o0ziv6f,4,true,false,false,,,4,2026-02-04T10:27:52.874Z
cml7vw78v002w29eg6o0ziv6f,5,true,false,false,,,4,2026-02-04T10:27:52.874Z
cml7vw78v002w29eg6o0ziv6f,6,true,false,false,,,4,2026-02-04T10:27:52.874Z
cml7vw78v002w29eg6o0ziv6f,7,false,true,true,2,2/5,4,2026-02-04T10:27:52.874Z
cml7vw78v002w29eg6o0ziv6f,8,false,true,true,3,3/5,4,2026-02-04T10:27:52.874Z
cml7vw78v002w29eg6o0ziv6f,9,true,false,false,,,4,2026-02-04T10:27:52.874Z
cml7vw78v002w29eg6o0ziv6f,10,true,false,false,,,4,2026-02-04T10:27:52.874Z
cml7vw78v002w29eg6o0ziv6f,11,true,false,false,,,4,2026-02-04T10:27:52.874Z
cml7vw78v002w29eg6o0ziv6f,12,true,false,false,,,4,2026-02-04T10:27:52.874Z
cml7vw78v002w29eg6o0ziv6f,13,true,false,false,,,4,2026-02-04T10:27:52.874Z
cml7vw78v002w29eg6o0ziv6f,14,false,true,true,4,4/5,4,2026-02-04T10:27:52.874Z
cml7vw78v002w29eg6o0ziv6f,15,true,false,false,,,4,2026-02-04T10:27:52.874Z
cml7vw78v002w29eg6o0ziv6f,16,true,false,false,,,4,2026-02-04T10:27:52.874Z
cml7vw78v002w29eg6o0ziv6f,17,true,false,false,,,4,2026-02-04T10:27:52.874Z
cml7vw78v002w29eg6o0ziv6f,18,true,false,false,,,4,2026-02-04T10:27:52.874Z
cml7vw78v002w29eg6o0ziv6f,19,true,false,true,1,1/5,4,2026-02-04T10:27:52.874Z
cml7vw78v002w29eg6o0ziv6f,20,true,false,false,,,4,2026-02-04T10:27:52.874Z
cml7vw78v002w29eg6o0ziv6f,21,true,false,false,,,4,2026-02-04T10:27:52.874Z
cml7vw78v002w29eg6o0ziv6f,22,true,false,false,,,4,2026-02-04T10:27:52.874Z
cml7vw78v002w29eg6o0ziv6f,23,false,true,true,5,5/5,4,2026-02-04T10:27:52.874Z
cml7vw78v002w29eg6o0ziv6f,24,true,false,false,,,4,2026-02-04T10:27:52.874Z
cml7vw78v002w29eg6o0ziv6f,25,true,false,false,,,4,2026-02-04T10:27:52.874Z
cml7vqay7002629eg091dlq0w,1,false,true,true,1,1/4,4,2026-02-04T10:23:17.742Z
cml7vqay7002629eg091dlq0w,2,true,false,false,,,4,2026-02-04T10:23:17.742Z
cml7vqay7002629eg091dlq0w,3,true,false,false,,,4,2026-02-04T10:23:17.742Z
cml7vqay7002629eg091dlq0w,4,false,true,true,2,2/4,4,2026-02-04T10:23:17.742Z
cml7vqay7002629eg091dlq0w,5,true,false,false,,,4,2026-02-04T10:23:17.742Z
cml7vqay7002629eg091dlq0w,6,true,false,false,,,4,2026-02-04T10:23:17.742Z
cml7vqay7002629eg091dlq0w,7,true,false,false,,,4,2026-02-04T10:23:17.742Z
cml7vqay7002629eg091dlq0w,8,true,false,false,,,4,2026-02-04T10:23:17.742Z
cml7vqay7002629eg091dlq0w,9,true,false,false,,,4,2026-02-04T10:23:17.742Z
cml7vqay7002629eg091dlq0w,10,true,false,false,,,4,2026-02-04T10:23:17.742Z
cml7vqay7002629eg091dlq0w,11,true,false,false,,,4,2026-02-04T10:23:17.742Z
cml7vqay7002629eg091dlq0w,12,true,false,false,,,4,2026-02-04T10:23:17.742Z
cml7vqay7002629eg091dlq0w,13,true,false,false,,,4,2026-02-04T10:23:17.742Z
cml7vqay7002629eg091dlq0w,14,true,false,false,,,4,2026-02-04T10:23:17.742Z
cml7vqay7002629eg091dlq0w,15,true,false,false,,,4,2026-02-04T10:23:17.742Z
cml7vqay7002629eg091dlq0w,16,true,false,false,,,4,2026-02-04T10:23:17.742Z
cml7vqay7002629eg091dlq0w,17,true,false,false,,,4,2026-02-04T10:23:17.742Z
cml7vqay7002629eg091dlq0w,18,true,false,false,,,4,2026-02-04T10:23:17.742Z
cml7vqay7002629eg091dlq0w,19,true,false,false,,,4,2026-02-04T10:23:17.742Z
cml7vqay7002629eg091dlq0w,20,true,false,false,,,4,2026-02-04T10:23:17.742Z
cml7vqay7002629eg091dlq0w,21,true,false,false,,,4,2026-02-04T10:23:17.742Z
cml7vqay7002629eg091dlq0w,22,false,true,true,3,3/4,4,2026-02-04T10:23:17.742Z
cml7vqay7002629eg091dlq0w,23,false,true,true,4,4/4,4,2026-02-04T10:23:17.742Z
cml7vqay7002629eg091dlq0w,24,true,false,false,,,4,2026-02-04T10:23:17.742Z
cml7vqay7002629eg091dlq0w,25,true,false,false,,,4,2026-02-04T10:23:17.742Z
cml7vpx6z001g29egyiqg5j8n,1,true,false,false,,,4,2026-02-04T10:22:59.916Z
cml7vpx6z001g29egyiqg5j8n,2,true,false,true,1,1/4,4,2026-02-04T10:22:59.916Z
cml7vpx6z001g29egyiqg5j8n,3,true,false,false,,,4,2026-02-04T10:22:59.916Z
cml7vpx6z001g29egyiqg5j8n,4,true,false,false,,,4,2026-02-04T10:22:59.916Z
cml7vpx6z001g29egyiqg5j8n,5,true,false,false,,,4,2026-02-04T10:22:59.916Z
cml7vpx6z001g29egyiqg5j8n,6,true,false,true,3,3/4,4,2026-02-04T10:22:59.916Z
cml7vpx6z001g29egyiqg5j8n,7,true,false,true,4,4/4,4,2026-02-04T10:22:59.916Z
cml7vpx6z001g29egyiqg5j8n,8,true,false,false,,,4,2026-02-04T10:22:59.916Z
cml7vpx6z001g29egyiqg5j8n,9,true,false,true,2,2/4,4,2026-02-04T10:22:59.916Z
cml7vpx6z001g29egyiqg5j8n,10,true,false,false,,,4,2026-02-04T10:22:59.916Z
cml7vpx6z001g29egyiqg5j8n,11,true,false,false,,,4,2026-02-04T10:22:59.916Z
cml7vpx6z001g29egyiqg5j8n,12,true,false,false,,,4,2026-02-04T10:22:59.916Z
cml7vpx6z001g29egyiqg5j8n,13,true,false,false,,,4,2026-02-04T10:22:59.916Z
cml7vpx6z001g29egyiqg5j8n,14,true,false,false,,,4,2026-02-04T10:22:59.916Z
cml7vpx6z001g29egyiqg5j8n,15,true,false,false,,,4,2026-02-04T10:22:59.916Z
cml7vpx6z001g29egyiqg5j8n,16,true,false,false,,,4,2026-02-04T10:22:59.916Z
cml7vpx6z001g29egyiqg5j8n,17,true,false,false,,,4,2026-02-04T10:22:59.916Z
cml7vpx6z001g29egyiqg5j8n,18,true,false,false,,,4,2026-02-04T10:22:59.916Z
cml7vpx6z001g29egyiqg5j8n,19,true,false,false,,,4,2026-02-04T10:22:59.916Z
cml7vpx6z001g29egyiqg5j8n,20,true,false,false,,,4,2026-02-04T10:22:59.916Z
cml7vpx6z001g29egyiqg5j8n,21,true,false,false,,,4,2026-02-04T10:22:59.916Z
cml7vpx6z001g29egyiqg5j8n,22,true,false,false,,,4,2026-02-04T10:22:59.916Z
cml7vpx6z001g29egyiqg5j8n,23,true,false,false,,,4,2026-02-04T10:22:59.916Z
cml7vpx6z001g29egyiqg5j8n,24,true,false,false,,,4,2026-02-04T10:22:59.916Z
cml7vpx6z001g29egyiqg5j8n,25,true,false,false,,,4,2026-02-04T10:22:59.916Z
cml7vnk44000q29eg357b5ar5,1,true,false,false,,,4,2026-02-04T10:21:09.652Z
cml7vnk44000q29eg357b5ar5,2,true,false,false,,,4,2026-02-04T10:21:09.652Z
cml7vnk44000q29eg357b5ar5,3,true,false,false,,,4,2026-02-04T10:21:09.652Z
cml7vnk44000q29eg357b5ar5,4,true,false,false,,,4,2026-02-04T10:21:09.652Z
cml7vnk44000q29eg357b5ar5,5,true,false,false,,,4,2026-02-04T10:21:09.652Z
cml7vnk44000q29eg357b5ar5,6,true,false,false,,,4,2026-02-04T10:21:09.652Z
cml7vnk44000q29eg357b5ar5,7,true,false,false,,,4,2026-02-04T10:21:09.652Z
cml7vnk44000q29eg357b5ar5,8,true,false,false,,,4,2026-02-04T10:21:09.652Z
cml7vnk44000q29eg357b5ar5,9,true,false,false,,,4,2026-02-04T10:21:09.652Z
cml7vnk44000q29eg357b5ar5,10,true,false,false,,,4,2026-02-04T10:21:09.652Z
cml7vnk44000q29eg357b5ar5,11,true,false,false,,,4,2026-02-04T10:21:09.652Z
cml7vnk44000q29eg357b5ar5,12,true,false,false,,,4,2026-02-04T10:21:09.652Z
cml7vnk44000q29eg357b5ar5,13,true,false,false,,,4,2026-02-04T10:21:09.652Z
cml7vnk44000q29eg357b5ar5,14,true,false,false,,,4,2026-02-04T10:21:09.652Z
cml7vnk44000q29eg357b5ar5,15,true,false,false,,,4,2026-02-04T10:21:09.652Z
cml7vnk44000q29eg357b5ar5,16,true,false,false,,,4,2026-02-04T10:21:09.652Z
cml7vnk44000q29eg357b5ar5,17,true,false,false,,,4,2026-02-04T10:21:09.652Z
cml7vnk44000q29eg357b5ar5,18,true,false,false,,,4,2026-02-04T10:21:09.652Z
cml7vnk44000q29eg357b5ar5,19,false,true,true,1,1/4,4,2026-02-04T10:21:09.652Z
cml7vnk44000q29eg357b5ar5,20,true,false,false,,,4,2026-02-04T10:21:09.652Z
cml7vnk44000q29eg357b5ar5,21,false,true,true,2,2/4,4,2026-02-04T10:21:09.652Z
cml7vnk44000q29eg357b5ar5,22,true,false,false,,,4,2026-02-04T10:21:09.652Z
cml7vnk44000q29eg357b5ar5,23,true,false,false,,,4,2026-02-04T10:21:09.652Z
cml7vnk44000q29eg357b5ar5,24,false,true,true,3,3/4,4,2026-02-04T10:21:09.652Z
cml7vnk44000q29eg357b5ar5,25,false,true,true,4,4/4,4,2026-02-04T10:21:09.652Z
cml7vmtpk000029eg6mvpy3mr,1,true,false,false,,,4,2026-02-04T10:20:35.363Z
cml7vmtpk000029eg6mvpy3mr,2,true,false,true,1,1/4,4,2026-02-04T10:20:35.363Z
cml7vmtpk000029eg6mvpy3mr,3,true,false,false,,,4,2026-02-04T10:20:35.363Z
cml7vmtpk000029eg6mvpy3mr,4,true,false,true,2,2/4,4,2026-02-04T10:20:35.363Z
cml7vmtpk000029eg6mvpy3mr,5,true,false,false,,,4,2026-02-04T10:20:35.363Z
cml7vmtpk000029eg6mvpy3mr,6,true,false,true,3,3/4,4,2026-02-04T10:20:35.363Z
cml7vmtpk000029eg6mvpy3mr,7,true,false,true,4,4/4,4,2026-02-04T10:20:35.363Z
cml7vmtpk000029eg6mvpy3mr,8,true,false,false,,,4,2026-02-04T10:20:35.363Z
cml7vmtpk000029eg6mvpy3mr,9,true,false,false,,,4,2026-02-04T10:20:35.363Z
cml7vmtpk000029eg6mvpy3mr,10,true,false,false,,,4,2026-02-04T10:20:35.363Z
cml7vmtpk000029eg6mvpy3mr,11,true,false,false,,,4,2026-02-04T10:20:35.363Z
cml7vmtpk000029eg6mvpy3mr,12,true,false,false,,,4,2026-02-04T10:20:35.363Z
cml7vmtpk000029eg6mvpy3mr,13,true,false,false,,,4,2026-02-04T10:20:35.363Z
cml7vmtpk000029eg6mvpy3mr,14,true,false,false,,,4,2026-02-04T10:20:35.363Z
cml7vmtpk000029eg6mvpy3mr,15,true,false,false,,,4,2026-02-04T10:20:35.363Z
cml7vmtpk000029eg6mvpy3mr,16,true,false,false,,,4,2026-02-04T10:20:35.363Z
cml7vmtpk000029eg6mvpy3mr,17,true,false,false,,,4,2026-02-04T10:20:35.363Z
cml7vmtpk000029eg6mvpy3mr,18,true,false,false,,,4,2026-02-04T10:20:35.363Z
cml7vmtpk000029eg6mvpy3mr,19,true,false,false,,,4,2026-02-04T10:20:35.363Z
cml7vmtpk000029eg6mvpy3mr,20,true,false,false,,,4,2026-02-04T10:20:35.363Z
cml7vmtpk000029eg6mvpy3mr,21,true,false,false,,,4,2026-02-04T10:20:35.363Z
cml7vmtpk000029eg6mvpy3mr,22,true,false,false,,,4,2026-02-04T10:20:35.363Z
cml7vmtpk000029eg6mvpy3mr,23,true,false,false,,,4,2026-02-04T10:20:35.363Z
cml7vmtpk000029eg6mvpy3mr,24,true,false,false,,,4,2026-02-04T10:20:35.363Z
cml7vmtpk000029eg6mvpy3mr,25,true,false,false,,,4,2026-02-04T10:20:35.363Z
cml76ciah004e290ssfvgrsj8,1,true,false,false,,,4,2026-02-03T22:32:43.673Z
cml76ciah004e290ssfvgrsj8,2,true,false,true,1,1/8,4,2026-02-03T22:32:43.673Z
cml76ciah004e290ssfvgrsj8,3,true,false,false,,,4,2026-02-03T22:32:43.673Z
cml76ciah004e290ssfvgrsj8,4,false,true,true,5,5/8,4,2026-02-03T22:32:43.673Z
cml76ciah004e290ssfvgrsj8,5,true,false,false,,,4,2026-02-03T22:32:43.673Z
cml76ciah004e290ssfvgrsj8,6,true,false,true,3,3/8,4,2026-02-03T22:32:43.673Z
cml76ciah004e290ssfvgrsj8,7,true,false,true,4,4/8,4,2026-02-03T22:32:43.673Z
cml76ciah004e290ssfvgrsj8,8,true,false,false,,,4,2026-02-03T22:32:43.673Z
cml76ciah004e290ssfvgrsj8,9,true,false,true,2,2/8,4,2026-02-03T22:32:43.673Z
cml76ciah004e290ssfvgrsj8,10,true,false,false,,,4,2026-02-03T22:32:43.673Z
cml76ciah004e290ssfvgrsj8,11,true,false,false,,,4,2026-02-03T22:32:43.673Z
cml76ciah004e290ssfvgrsj8,12,true,false,false,,,4,2026-02-03T22:32:43.673Z
cml76ciah004e290ssfvgrsj8,13,true,false,false,,,4,2026-02-03T22:32:43.673Z
cml76ciah004e290ssfvgrsj8,14,true,false,false,,,4,2026-02-03T22:32:43.673Z
cml76ciah004e290ssfvgrsj8,15,false,true,true,6,6/8,4,2026-02-03T22:32:43.673Z
cml76ciah004e290ssfvgrsj8,16,true,false,false,,,4,2026-02-03T22:32:43.673Z
cml76ciah004e290ssfvgrsj8,17,true,false,false,,,4,2026-02-03T22:32:43.673Z
cml76ciah004e290ssfvgrsj8,18,true,false,false,,,4,2026-02-03T22:32:43.673Z
cml76ciah004e290ssfvgrsj8,19,false,true,true,7,7/8,4,2026-02-03T22:32:43.673Z
cml76ciah004e290ssfvgrsj8,20,true,false,false,,,4,2026-02-03T22:32:43.673Z
cml76ciah004e290ssfvgrsj8,21,true,false,false,,,4,2026-02-03T22:32:43.673Z
cml76ciah004e290ssfvgrsj8,22,true,false,false,,,4,2026-02-03T22:32:43.673Z
cml76ciah004e290ssfvgrsj8,23,false,true,true,8,8/8,4,2026-02-03T22:32:43.673Z
cml76ciah004e290ssfvgrsj8,24,true,false,false,,,4,2026-02-03T22:32:43.673Z
cml76ciah004e290ssfvgrsj8,25,true,false,false,,,4,2026-02-03T22:32:43.673Z
cml76alnl003n290sxdtt3pmp,1,true,false,false,,,4,2026-02-03T22:31:14.721Z
cml76alnl003n290sxdtt3pmp,2,true,false,false,,,4,2026-02-03T22:31:14.721Z
cml76alnl003n290sxdtt3pmp,3,true,false,false,,,4,2026-02-03T22:31:14.721Z
cml76alnl003n290sxdtt3pmp,4,true,false,false,,,4,2026-02-03T22:31:14.721Z
cml76alnl003n290sxdtt3pmp,5,true,false,false,,,4,2026-02-03T22:31:14.721Z
cml76alnl003n290sxdtt3pmp,6,true,false,false,,,4,2026-02-03T22:31:14.721Z
cml76alnl003n290sxdtt3pmp,7,true,false,false,,,4,2026-02-03T22:31:14.721Z
cml76alnl003n290sxdtt3pmp,8,false,true,true,1,1/4,4,2026-02-03T22:31:14.721Z
cml76alnl003n290sxdtt3pmp,9,true,false,false,,,4,2026-02-03T22:31:14.721Z
cml76alnl003n290sxdtt3pmp,10,false,true,true,2,2/4,4,2026-02-03T22:31:14.721Z
cml76alnl003n290sxdtt3pmp,11,true,false,false,,,4,2026-02-03T22:31:14.721Z
cml76alnl003n290sxdtt3pmp,12,false,true,true,3,3/4,4,2026-02-03T22:31:14.721Z
cml76alnl003n290sxdtt3pmp,13,true,false,false,,,4,2026-02-03T22:31:14.721Z
cml76alnl003n290sxdtt3pmp,14,true,false,false,,,4,2026-02-03T22:31:14.721Z
cml76alnl003n290sxdtt3pmp,15,true,false,false,,,4,2026-02-03T22:31:14.721Z
cml76alnl003n290sxdtt3pmp,16,true,false,false,,,4,2026-02-03T22:31:14.721Z
cml76alnl003n290sxdtt3pmp,17,false,true,true,4,4/4,4,2026-02-03T22:31:14.721Z
cml76alnl003n290sxdtt3pmp,18,true,false,false,,,4,2026-02-03T22:31:14.721Z
cml76alnl003n290sxdtt3pmp,19,true,false,false,,,4,2026-02-03T22:31:14.721Z
cml76alnl003n290sxdtt3pmp,20,true,false,false,,,4,2026-02-03T22:31:14.721Z
cml76alnl003n290sxdtt3pmp,21,true,false,false,,,4,2026-02-03T22:31:14.721Z
cml76alnl003n290sxdtt3pmp,22,true,false,false,,,4,2026-02-03T22:31:14.721Z
cml76alnl003n290sxdtt3pmp,23,true,false,false,,,4,2026-02-03T22:31:14.721Z
cml76alnl003n290sxdtt3pmp,24,true,false,false,,,4,2026-02-03T22:31:14.721Z
cml76alnl003n290sxdtt3pmp,25,true,false,false,,,4,2026-02-03T22:31:14.721Z
cml769z5a002x290s0wj03ivf,1,true,false,false,,,4,2026-02-03T22:30:45.551Z
cml769z5a002x290s0wj03ivf,2,true,false,true,1,1/4,4,2026-02-03T22:30:45.551Z
cml769z5a002x290s0wj03ivf,3,true,false,false,,,4,2026-02-03T22:30:45.551Z
cml769z5a002x290s0wj03ivf,4,true,false,false,,,4,2026-02-03T22:30:45.551Z
cml769z5a002x290s0wj03ivf,5,true,false,false,,,4,2026-02-03T22:30:45.551Z
cml769z5a002x290s0wj03ivf,6,true,false,true,3,3/4,4,2026-02-03T22:30:45.551Z
cml769z5a002x290s0wj03ivf,7,true,false,true,4,4/4,4,2026-02-03T22:30:45.551Z
cml769z5a002x290s0wj03ivf,8,true,false,false,,,4,2026-02-03T22:30:45.551Z
cml769z5a002x290s0wj03ivf,9,true,false,true,2,2/4,4,2026-02-03T22:30:45.551Z
cml769z5a002x290s0wj03ivf,10,true,false,false,,,4,2026-02-03T22:30:45.551Z
cml769z5a002x290s0wj03ivf,11,true,false,false,,,4,2026-02-03T22:30:45.551Z
cml769z5a002x290s0wj03ivf,12,true,false,false,,,4,2026-02-03T22:30:45.551Z
cml769z5a002x290s0wj03ivf,13,true,false,false,,,4,2026-02-03T22:30:45.551Z
cml769z5a002x290s0wj03ivf,14,true,false,false,,,4,2026-02-03T22:30:45.551Z
cml769z5a002x290s0wj03ivf,15,true,false,false,,,4,2026-02-03T22:30:45.551Z
cml769z5a002x290s0wj03ivf,16,true,false,false,,,4,2026-02-03T22:30:45.551Z
cml769z5a002x290s0wj03ivf,17,true,false,false,,,4,2026-02-03T22:30:45.551Z
cml769z5a002x290s0wj03ivf,18,true,false,false,,,4,2026-02-03T22:30:45.551Z
cml769z5a002x290s0wj03ivf,19,true,false,false,,,4,2026-02-03T22:30:45.551Z
cml769z5a002x290s0wj03ivf,20,true,false,false,,,4,2026-02-03T22:30:45.551Z
cml769z5a002x290s0wj03ivf,21,true,false,false,,,4,2026-02-03T22:30:45.551Z
cml769z5a002x290s0wj03ivf,22,true,false,false,,,4,2026-02-03T22:30:45.551Z
cml769z5a002x290s0wj03ivf,23,true,false,false,,,4,2026-02-03T22:30:45.551Z
cml769z5a002x290s0wj03ivf,24,true,false,false,,,4,2026-02-03T22:30:45.551Z
cml769z5a002x290s0wj03ivf,25,true,false,false,,,4,2026-02-03T22:30:45.551Z
cml768qef0026290sol8vcwka,1,true,false,false,,,4,2026-02-03T22:29:47.559Z
cml768qef0026290sol8vcwka,2,true,false,false,,,4,2026-02-03T22:29:47.559Z
cml768qef0026290sol8vcwka,3,false,true,true,1,1/4,4,2026-02-03T22:29:47.559Z
cml768qef0026290sol8vcwka,4,true,false,false,,,4,2026-02-03T22:29:47.559Z
cml768qef0026290sol8vcwka,5,true,false,false,,,4,2026-02-03T22:29:47.559Z
cml768qef0026290sol8vcwka,6,true,false,false,,,4,2026-02-03T22:29:47.559Z
cml768qef0026290sol8vcwka,7,true,false,false,,,4,2026-02-03T22:29:47.559Z
cml768qef0026290sol8vcwka,8,true,false,false,,,4,2026-02-03T22:29:47.559Z
cml768qef0026290sol8vcwka,9,true,false,false,,,4,2026-02-03T22:29:47.559Z
cml768qef0026290sol8vcwka,10,true,false,false,,,4,2026-02-03T22:29:47.559Z
cml768qef0026290sol8vcwka,11,true,false,false,,,4,2026-02-03T22:29:47.559Z
cml768qef0026290sol8vcwka,12,true,false,false,,,4,2026-02-03T22:29:47.559Z
cml768qef0026290sol8vcwka,13,true,false,false,,,4,2026-02-03T22:29:47.559Z
cml768qef0026290sol8vcwka,14,true,false,false,,,4,2026-02-03T22:29:47.559Z
cml768qef0026290sol8vcwka,15,false,true,true,2,2/4,4,2026-02-03T22:29:47.559Z
cml768qef0026290sol8vcwka,16,true,false,false,,,4,2026-02-03T22:29:47.559Z
cml768qef0026290sol8vcwka,17,true,false,false,,,4,2026-02-03T22:29:47.559Z
cml768qef0026290sol8vcwka,18,true,false,false,,,4,2026-02-03T22:29:47.559Z
cml768qef0026290sol8vcwka,19,true,false,false,,,4,2026-02-03T22:29:47.559Z
cml768qef0026290sol8vcwka,20,false,true,true,3,3/4,4,2026-02-03T22:29:47.559Z
cml768qef0026290sol8vcwka,21,true,false,false,,,4,2026-02-03T22:29:47.559Z
cml768qef0026290sol8vcwka,22,true,false,false,,,4,2026-02-03T22:29:47.559Z
cml768qef0026290sol8vcwka,23,true,false,false,,,4,2026-02-03T22:29:47.559Z
cml768qef0026290sol8vcwka,24,false,true,true,4,4/4,4,2026-02-03T22:29:47.559Z
cml768qef0026290sol8vcwka,25,true,false,false,,,4,2026-02-03T22:29:47.559Z
cml7681bv001g290sh33lml2n,1,true,false,false,,,4,2026-02-03T22:29:15.068Z
cml7681bv001g290sh33lml2n,2,true,false,true,1,1/4,4,2026-02-03T22:29:15.068Z
cml7681bv001g290sh33lml2n,3,true,false,false,,,4,2026-02-03T22:29:15.068Z
cml7681bv001g290sh33lml2n,4,true,false,false,,,4,2026-02-03T22:29:15.068Z
cml7681bv001g290sh33lml2n,5,true,false,false,,,4,2026-02-03T22:29:15.068Z
cml7681bv001g290sh33lml2n,6,true,false,true,3,3/4,4,2026-02-03T22:29:15.068Z
cml7681bv001g290sh33lml2n,7,true,false,true,4,4/4,4,2026-02-03T22:29:15.068Z
cml7681bv001g290sh33lml2n,8,true,false,false,,,4,2026-02-03T22:29:15.068Z
cml7681bv001g290sh33lml2n,9,true,false,true,2,2/4,4,2026-02-03T22:29:15.068Z
cml7681bv001g290sh33lml2n,10,true,false,false,,,4,2026-02-03T22:29:15.068Z
cml7681bv001g290sh33lml2n,11,true,false,false,,,4,2026-02-03T22:29:15.068Z
cml7681bv001g290sh33lml2n,12,true,false,false,,,4,2026-02-03T22:29:15.068Z
cml7681bv001g290sh33lml2n,13,true,false,false,,,4,2026-02-03T22:29:15.068Z
cml7681bv001g290sh33lml2n,14,true,false,false,,,4,2026-02-03T22:29:15.068Z
cml7681bv001g290sh33lml2n,15,true,false,false,,,4,2026-02-03T22:29:15.068Z
cml7681bv001g290sh33lml2n,16,true,false,false,,,4,2026-02-03T22:29:15.068Z
cml7681bv001g290sh33lml2n,17,true,false,false,,,4,2026-02-03T22:29:15.068Z
cml7681bv001g290sh33lml2n,18,true,false,false,,,4,2026-02-03T22:29:15.068Z
cml7681bv001g290sh33lml2n,19,true,false,false,,,4,2026-02-03T22:29:15.068Z
cml7681bv001g290sh33lml2n,20,true,false,false,,,4,2026-02-03T22:29:15.068Z
cml7681bv001g290sh33lml2n,21,true,false,false,,,4,2026-02-03T22:29:15.068Z
cml7681bv001g290sh33lml2n,22,true,false,false,,,4,2026-02-03T22:29:15.068Z
cml7681bv001g290sh33lml2n,23,true,false,false,,,4,2026-02-03T22:29:15.068Z
cml7681bv001g290sh33lml2n,24,true,false,false,,,4,2026-02-03T22:29:15.068Z
cml7681bv001g290sh33lml2n,25,true,false,false,,,4,2026-02-03T22:29:15.068Z
cml766te4000q290sjmhz93vi,1,false,true,true,1,1/4,4,2026-02-03T22:28:18.124Z
cml766te4000q290sjmhz93vi,2,true,false,false,,,4,2026-02-03T22:28:18.124Z
cml766te4000q290sjmhz93vi,3,true,false,false,,,4,2026-02-03T22:28:18.124Z
cml766te4000q290sjmhz93vi,4,true,false,false,,,4,2026-02-03T22:28:18.124Z
cml766te4000q290sjmhz93vi,5,true,false,false,,,4,2026-02-03T22:28:18.124Z
cml766te4000q290sjmhz93vi,6,true,false,false,,,4,2026-02-03T22:28:18.124Z
cml766te4000q290sjmhz93vi,7,true,false,false,,,4,2026-02-03T22:28:18.124Z
cml766te4000q290sjmhz93vi,8,false,true,true,2,2/4,4,2026-02-03T22:28:18.124Z
cml766te4000q290sjmhz93vi,9,true,false,false,,,4,2026-02-03T22:28:18.124Z
cml766te4000q290sjmhz93vi,10,true,false,false,,,4,2026-02-03T22:28:18.124Z
cml766te4000q290sjmhz93vi,11,true,false,false,,,4,2026-02-03T22:28:18.124Z
cml766te4000q290sjmhz93vi,12,true,false,false,,,4,2026-02-03T22:28:18.124Z
cml766te4000q290sjmhz93vi,13,true,false,false,,,4,2026-02-03T22:28:18.124Z
cml766te4000q290sjmhz93vi,14,false,true,true,3,3/4,4,2026-02-03T22:28:18.124Z
cml766te4000q290sjmhz93vi,15,true,false,false,,,4,2026-02-03T22:28:18.124Z
cml766te4000q290sjmhz93vi,16,true,false,false,,,4,2026-02-03T22:28:18.124Z
cml766te4000q290sjmhz93vi,17,true,false,false,,,4,2026-02-03T22:28:18.124Z
cml766te4000q290sjmhz93vi,18,true,false,false,,,4,2026-02-03T22:28:18.124Z
cml766te4000q290sjmhz93vi,19,true,false,false,,,4,2026-02-03T22:28:18.124Z
cml766te4000q290sjmhz93vi,20,true,false,false,,,4,2026-02-03T22:28:18.124Z
cml766te4000q290sjmhz93vi,21,true,false,false,,,4,2026-02-03T22:28:18.124Z
cml766te4000q290sjmhz93vi,22,true,false,false,,,4,2026-02-03T22:28:18.124Z
cml766te4000q290sjmhz93vi,23,false,true,true,4,4/4,4,2026-02-03T22:28:18.124Z
cml766te4000q290sjmhz93vi,24,true,false,false,,,4,2026-02-03T22:28:18.124Z
cml766te4000q290sjmhz93vi,25,true,false,false,,,4,2026-02-03T22:28:18.124Z
cml76664f0000290s3gqdj8dc,1,true,false,false,,,4,2026-02-03T22:27:47.963Z
cml76664f0000290s3gqdj8dc,2,true,false,true,3,3/4,4,2026-02-03T22:27:47.963Z
cml76664f0000290s3gqdj8dc,3,true,false,false,,,4,2026-02-03T22:27:47.963Z
cml76664f0000290s3gqdj8dc,4,true,false,false,,,4,2026-02-03T22:27:47.963Z
cml76664f0000290s3gqdj8dc,5,true,false,false,,,4,2026-02-03T22:27:47.963Z
cml76664f0000290s3gqdj8dc,6,true,false,true,2,2/4,4,2026-02-03T22:27:47.963Z
cml76664f0000290s3gqdj8dc,7,true,false,true,4,4/4,4,2026-02-03T22:27:47.963Z
cml76664f0000290s3gqdj8dc,8,true,false,false,,,4,2026-02-03T22:27:47.963Z
cml76664f0000290s3gqdj8dc,9,true,false,true,1,1/4,4,2026-02-03T22:27:47.963Z
cml76664f0000290s3gqdj8dc,10,true,false,false,,,4,2026-02-03T22:27:47.963Z
cml76664f0000290s3gqdj8dc,11,true,false,false,,,4,2026-02-03T22:27:47.963Z
cml76664f0000290s3gqdj8dc,12,true,false,false,,,4,2026-02-03T22:27:47.963Z
cml76664f0000290s3gqdj8dc,13,true,false,false,,,4,2026-02-03T22:27:47.963Z
cml76664f0000290s3gqdj8dc,14,true,false,false,,,4,2026-02-03T22:27:47.963Z
cml76664f0000290s3gqdj8dc,15,true,false,false,,,4,2026-02-03T22:27:47.963Z
cml76664f0000290s3gqdj8dc,16,true,false,false,,,4,2026-02-03T22:27:47.963Z
cml76664f0000290s3gqdj8dc,17,true,false,false,,,4,2026-02-03T22:27:47.963Z
cml76664f0000290s3gqdj8dc,18,true,false,false,,,4,2026-02-03T22:27:47.963Z
cml76664f0000290s3gqdj8dc,19,true,false,false,,,4,2026-02-03T22:27:47.963Z
cml76664f0000290s3gqdj8dc,20,true,false,false,,,4,2026-02-03T22:27:47.963Z
cml76664f0000290s3gqdj8dc,21,true,false,false,,,4,2026-02-03T22:27:47.963Z
cml76664f0000290s3gqdj8dc,22,true,false,false,,,4,2026-02-03T22:27:47.963Z
cml76664f0000290s3gqdj8dc,23,true,false,false,,,4,2026-02-03T22:27:47.963Z
cml76664f0000290s3gqdj8dc,24,true,false,false,,,4,2026-02-03T22:27:47.963Z
cml76664f0000290s3gqdj8dc,25,true,false,false,,,4,2026-02-03T22:27:47.963Z
cml735mxi000q29agjrpalorv,1,true,false,false,,,4,2026-02-03T21:03:24.246Z
cml735mxi000q29agjrpalorv,2,true,false,false,,,4,2026-02-03T21:03:24.246Z
cml735mxi000q29agjrpalorv,3,true,false,false,,,4,2026-02-03T21:03:24.246Z
cml735mxi000q29agjrpalorv,4,false,true,true,1,1/4,4,2026-02-03T21:03:24.246Z
cml735mxi000q29agjrpalorv,5,true,false,false,,,4,2026-02-03T21:03:24.246Z
cml735mxi000q29agjrpalorv,6,true,false,false,,,4,2026-02-03T21:03:24.246Z
cml735mxi000q29agjrpalorv,7,true,false,false,,,4,2026-02-03T21:03:24.246Z
cml735mxi000q29agjrpalorv,8,true,false,false,,,4,2026-02-03T21:03:24.246Z
cml735mxi000q29agjrpalorv,9,true,false,false,,,4,2026-02-03T21:03:24.246Z
cml735mxi000q29agjrpalorv,10,true,false,false,,,4,2026-02-03T21:03:24.246Z
cml735mxi000q29agjrpalorv,11,true,false,false,,,4,2026-02-03T21:03:24.246Z
cml735mxi000q29agjrpalorv,12,false,true,true,2,2/4,4,2026-02-03T21:03:24.246Z
cml735mxi000q29agjrpalorv,13,false,true,true,3,3/4,4,2026-02-03T21:03:24.246Z
cml735mxi000q29agjrpalorv,14,true,false,false,,,4,2026-02-03T21:03:24.246Z
cml735mxi000q29agjrpalorv,15,true,false,false,,,4,2026-02-03T21:03:24.246Z
cml735mxi000q29agjrpalorv,16,true,false,false,,,4,2026-02-03T21:03:24.246Z
cml735mxi000q29agjrpalorv,17,false,true,true,4,4/4,4,2026-02-03T21:03:24.246Z
cml735mxi000q29agjrpalorv,18,true,false,false,,,4,2026-02-03T21:03:24.246Z
cml735mxi000q29agjrpalorv,19,true,false,false,,,4,2026-02-03T21:03:24.246Z
cml735mxi000q29agjrpalorv,20,true,false,false,,,4,2026-02-03T21:03:24.246Z
cml735mxi000q29agjrpalorv,21,true,false,false,,,4,2026-02-03T21:03:24.246Z
cml735mxi000q29agjrpalorv,22,true,false,false,,,4,2026-02-03T21:03:24.246Z
cml735mxi000q29agjrpalorv,23,true,false,false,,,4,2026-02-03T21:03:24.246Z
cml735mxi000q29agjrpalorv,24,true,false,false,,,4,2026-02-03T21:03:24.246Z
cml735mxi000q29agjrpalorv,25,true,false,false,,,4,2026-02-03T21:03:24.246Z
cml735665000029agxpt7eyud,1,true,false,false,,,4,2026-02-03T21:03:02.520Z
cml735665000029agxpt7eyud,2,true,false,true,3,3/3,4,2026-02-03T21:03:02.520Z
cml735665000029agxpt7eyud,3,true,false,false,,,4,2026-02-03T21:03:02.520Z
cml735665000029agxpt7eyud,4,true,false,false,,,4,2026-02-03T21:03:02.520Z
cml735665000029agxpt7eyud,5,true,false,false,,,4,2026-02-03T21:03:02.520Z
cml735665000029agxpt7eyud,6,true,false,true,2,2/3,4,2026-02-03T21:03:02.520Z
cml735665000029agxpt7eyud,7,true,false,false,,,4,2026-02-03T21:03:02.520Z
cml735665000029agxpt7eyud,8,true,false,false,,,4,2026-02-03T21:03:02.520Z
cml735665000029agxpt7eyud,9,true,false,true,1,1/3,4,2026-02-03T21:03:02.520Z
cml735665000029agxpt7eyud,10,true,false,false,,,4,2026-02-03T21:03:02.520Z
cml735665000029agxpt7eyud,11,true,false,false,,,4,2026-02-03T21:03:02.520Z
cml735665000029agxpt7eyud,12,true,false,false,,,4,2026-02-03T21:03:02.520Z
cml735665000029agxpt7eyud,13,true,false,false,,,4,2026-02-03T21:03:02.520Z
cml735665000029agxpt7eyud,14,true,false,false,,,4,2026-02-03T21:03:02.520Z
cml735665000029agxpt7eyud,15,true,false,false,,,4,2026-02-03T21:03:02.520Z
cml735665000029agxpt7eyud,16,true,false,false,,,4,2026-02-03T21:03:02.520Z
cml735665000029agxpt7eyud,17,true,false,false,,,4,2026-02-03T21:03:02.520Z
cml735665000029agxpt7eyud,18,true,false,false,,,4,2026-02-03T21:03:02.520Z
cml735665000029agxpt7eyud,19,true,false,false,,,4,2026-02-03T21:03:02.520Z
cml735665000029agxpt7eyud,20,true,false,false,,,4,2026-02-03T21:03:02.520Z
cml735665000029agxpt7eyud,21,true,false,false,,,4,2026-02-03T21:03:02.520Z
cml735665000029agxpt7eyud,22,true,false,false,,,4,2026-02-03T21:03:02.520Z
cml735665000029agxpt7eyud,23,true,false,false,,,4,2026-02-03T21:03:02.520Z
cml735665000029agxpt7eyud,24,true,false,false,,,4,2026-02-03T21:03:02.520Z
cml735665000029agxpt7eyud,25,true,false,false,,,4,2026-02-03T21:03:02.520Z
cml72ci2y062n29l81pp1at9u,1,true,false,false,,,4,2026-02-03T20:40:44.939Z
cml72ci2y062n29l81pp1at9u,2,false,true,true,1,1/4,4,2026-02-03T20:40:44.939Z
cml72ci2y062n29l81pp1at9u,3,true,false,false,,,4,2026-02-03T20:40:44.939Z
cml72ci2y062n29l81pp1at9u,4,true,false,false,,,4,2026-02-03T20:40:44.939Z
cml72ci2y062n29l81pp1at9u,5,false,true,true,2,2/4,4,2026-02-03T20:40:44.939Z
cml72ci2y062n29l81pp1at9u,6,true,false,false,,,4,2026-02-03T20:40:44.939Z
cml72ci2y062n29l81pp1at9u,7,true,false,false,,,4,2026-02-03T20:40:44.939Z
cml72ci2y062n29l81pp1at9u,8,true,false,false,,,4,2026-02-03T20:40:44.939Z
cml72ci2y062n29l81pp1at9u,9,true,false,false,,,4,2026-02-03T20:40:44.939Z
cml72ci2y062n29l81pp1at9u,10,true,false,false,,,4,2026-02-03T20:40:44.939Z
cml72ci2y062n29l81pp1at9u,11,true,false,false,,,4,2026-02-03T20:40:44.939Z
cml72ci2y062n29l81pp1at9u,12,true,false,false,,,4,2026-02-03T20:40:44.939Z
cml72ci2y062n29l81pp1at9u,13,true,false,false,,,4,2026-02-03T20:40:44.939Z
cml72ci2y062n29l81pp1at9u,14,true,false,false,,,4,2026-02-03T20:40:44.939Z
cml72ci2y062n29l81pp1at9u,15,true,false,false,,,4,2026-02-03T20:40:44.939Z
cml72ci2y062n29l81pp1at9u,16,true,false,false,,,4,2026-02-03T20:40:44.939Z
cml72ci2y062n29l81pp1at9u,17,true,false,false,,,4,2026-02-03T20:40:44.939Z
cml72ci2y062n29l81pp1at9u,18,false,true,true,3,3/4,4,2026-02-03T20:40:44.939Z
cml72ci2y062n29l81pp1at9u,19,true,false,false,,,4,2026-02-03T20:40:44.939Z
cml72ci2y062n29l81pp1at9u,20,true,false,false,,,4,2026-02-03T20:40:44.939Z
cml72ci2y062n29l81pp1at9u,21,false,true,true,4,4/4,4,2026-02-03T20:40:44.939Z
cml72ci2y062n29l81pp1at9u,22,true,false,false,,,4,2026-02-03T20:40:44.939Z
cml72ci2y062n29l81pp1at9u,23,true,false,false,,,4,2026-02-03T20:40:44.939Z
cml72ci2y062n29l81pp1at9u,24,true,false,false,,,4,2026-02-03T20:40:44.939Z
cml72ci2y062n29l81pp1at9u,25,true,false,false,,,4,2026-02-03T20:40:44.939Z
cml72c4di061x29l8nd4f50uq,1,true,false,false,,,4,2026-02-03T20:40:27.175Z
cml72c4di061x29l8nd4f50uq,2,true,false,true,4,4/4,4,2026-02-03T20:40:27.175Z
cml72c4di061x29l8nd4f50uq,3,true,false,false,,,4,2026-02-03T20:40:27.175Z
cml72c4di061x29l8nd4f50uq,4,true,false,true,1,1/4,4,2026-02-03T20:40:27.175Z
cml72c4di061x29l8nd4f50uq,5,true,false,false,,,4,2026-02-03T20:40:27.175Z
cml72c4di061x29l8nd4f50uq,6,true,false,true,3,3/4,4,2026-02-03T20:40:27.175Z
cml72c4di061x29l8nd4f50uq,7,true,false,false,,,4,2026-02-03T20:40:27.175Z
cml72c4di061x29l8nd4f50uq,8,true,false,false,,,4,2026-02-03T20:40:27.175Z
cml72c4di061x29l8nd4f50uq,9,true,false,true,2,2/4,4,2026-02-03T20:40:27.175Z
cml72c4di061x29l8nd4f50uq,10,true,false,false,,,4,2026-02-03T20:40:27.175Z
cml72c4di061x29l8nd4f50uq,11,true,false,false,,,4,2026-02-03T20:40:27.175Z
cml72c4di061x29l8nd4f50uq,12,true,false,false,,,4,2026-02-03T20:40:27.175Z
cml72c4di061x29l8nd4f50uq,13,true,false,false,,,4,2026-02-03T20:40:27.175Z
cml72c4di061x29l8nd4f50uq,14,true,false,false,,,4,2026-02-03T20:40:27.175Z
cml72c4di061x29l8nd4f50uq,15,true,false,false,,,4,2026-02-03T20:40:27.175Z
cml72c4di061x29l8nd4f50uq,16,true,false,false,,,4,2026-02-03T20:40:27.175Z
cml72c4di061x29l8nd4f50uq,17,true,false,false,,,4,2026-02-03T20:40:27.175Z
cml72c4di061x29l8nd4f50uq,18,true,false,false,,,4,2026-02-03T20:40:27.175Z
cml72c4di061x29l8nd4f50uq,19,true,false,false,,,4,2026-02-03T20:40:27.175Z
cml72c4di061x29l8nd4f50uq,20,true,false,false,,,4,2026-02-03T20:40:27.175Z
cml72c4di061x29l8nd4f50uq,21,true,false,false,,,4,2026-02-03T20:40:27.175Z
cml72c4di061x29l8nd4f50uq,22,true,false,false,,,4,2026-02-03T20:40:27.175Z
cml72c4di061x29l8nd4f50uq,23,true,false,false,,,4,2026-02-03T20:40:27.175Z
cml72c4di061x29l8nd4f50uq,24,true,false,false,,,4,2026-02-03T20:40:27.175Z
cml72c4di061x29l8nd4f50uq,25,true,false,false,,,4,2026-02-03T20:40:27.175Z
cml72af69061229l8nng8mou0,1,true,false,false,,,4,2026-02-03T20:39:07.855Z
cml72af69061229l8nng8mou0,2,true,false,true,3,3/7,4,2026-02-03T20:39:07.855Z
cml72af69061229l8nng8mou0,3,true,false,false,,,4,2026-02-03T20:39:07.855Z
cml72af69061229l8nng8mou0,4,true,false,false,,,4,2026-02-03T20:39:07.855Z
cml72af69061229l8nng8mou0,5,true,false,false,,,4,2026-02-03T20:39:07.855Z
cml72af69061229l8nng8mou0,6,true,false,true,2,2/7,4,2026-02-03T20:39:07.855Z
cml72af69061229l8nng8mou0,7,false,true,true,4,4/7,4,2026-02-03T20:39:07.855Z
cml72af69061229l8nng8mou0,8,true,false,false,,,4,2026-02-03T20:39:07.855Z
cml72af69061229l8nng8mou0,9,true,false,true,1,1/7,4,2026-02-03T20:39:07.855Z
cml72af69061229l8nng8mou0,10,true,false,false,,,4,2026-02-03T20:39:07.855Z
cml72af69061229l8nng8mou0,11,false,true,true,5,5/7,4,2026-02-03T20:39:07.855Z
cml72af69061229l8nng8mou0,12,true,false,false,,,4,2026-02-03T20:39:07.855Z
cml72af69061229l8nng8mou0,13,true,false,false,,,4,2026-02-03T20:39:07.855Z
cml72af69061229l8nng8mou0,14,false,true,true,6,6/7,4,2026-02-03T20:39:07.855Z
cml72af69061229l8nng8mou0,15,true,false,false,,,4,2026-02-03T20:39:07.855Z
cml72af69061229l8nng8mou0,16,true,false,false,,,4,2026-02-03T20:39:07.855Z
cml72af69061229l8nng8mou0,17,true,false,false,,,4,2026-02-03T20:39:07.855Z
cml72af69061229l8nng8mou0,18,false,true,true,7,7/7,4,2026-02-03T20:39:07.855Z
cml72af69061229l8nng8mou0,19,true,false,false,,,4,2026-02-03T20:39:07.855Z
cml72af69061229l8nng8mou0,20,true,false,false,,,4,2026-02-03T20:39:07.855Z
cml72af69061229l8nng8mou0,21,true,false,false,,,4,2026-02-03T20:39:07.855Z
cml72af69061229l8nng8mou0,22,true,false,false,,,4,2026-02-03T20:39:07.855Z
cml72af69061229l8nng8mou0,23,true,false,false,,,4,2026-02-03T20:39:07.855Z
cml72af69061229l8nng8mou0,24,true,false,false,,,4,2026-02-03T20:39:07.855Z
cml72af69061229l8nng8mou0,25,true,false,false,,,4,2026-02-03T20:39:07.855Z
cml71p7ke000q29koye5xmz2y,1,true,false,false,,,4,2026-02-03T20:22:38.222Z
cml71p7ke000q29koye5xmz2y,2,true,false,false,,,4,2026-02-03T20:22:38.222Z
cml71p7ke000q29koye5xmz2y,3,true,false,false,,,4,2026-02-03T20:22:38.222Z
cml71p7ke000q29koye5xmz2y,4,true,false,false,,,4,2026-02-03T20:22:38.222Z
cml71p7ke000q29koye5xmz2y,5,true,false,false,,,4,2026-02-03T20:22:38.222Z
cml71p7ke000q29koye5xmz2y,6,true,false,false,,,4,2026-02-03T20:22:38.222Z
cml71p7ke000q29koye5xmz2y,7,true,false,false,,,4,2026-02-03T20:22:38.222Z
cml71p7ke000q29koye5xmz2y,8,true,false,false,,,4,2026-02-03T20:22:38.222Z
cml71p7ke000q29koye5xmz2y,9,true,false,false,,,4,2026-02-03T20:22:38.222Z
cml71p7ke000q29koye5xmz2y,10,true,false,false,,,4,2026-02-03T20:22:38.222Z
cml71p7ke000q29koye5xmz2y,11,false,true,true,1,1/4,4,2026-02-03T20:22:38.222Z
cml71p7ke000q29koye5xmz2y,12,true,false,false,,,4,2026-02-03T20:22:38.222Z
cml71p7ke000q29koye5xmz2y,13,true,false,false,,,4,2026-02-03T20:22:38.222Z
cml71p7ke000q29koye5xmz2y,14,false,true,true,2,2/4,4,2026-02-03T20:22:38.222Z
cml71p7ke000q29koye5xmz2y,15,true,false,false,,,4,2026-02-03T20:22:38.222Z
cml71p7ke000q29koye5xmz2y,16,true,false,false,,,4,2026-02-03T20:22:38.222Z
cml71p7ke000q29koye5xmz2y,17,true,false,false,,,4,2026-02-03T20:22:38.222Z
cml71p7ke000q29koye5xmz2y,18,false,true,true,3,3/4,4,2026-02-03T20:22:38.222Z
cml71p7ke000q29koye5xmz2y,19,true,false,false,,,4,2026-02-03T20:22:38.222Z
cml71p7ke000q29koye5xmz2y,20,true,false,false,,,4,2026-02-03T20:22:38.222Z
cml71p7ke000q29koye5xmz2y,21,true,false,false,,,4,2026-02-03T20:22:38.222Z
cml71p7ke000q29koye5xmz2y,22,true,false,false,,,4,2026-02-03T20:22:38.222Z
cml71p7ke000q29koye5xmz2y,23,true,false,false,,,4,2026-02-03T20:22:38.222Z
cml71p7ke000q29koye5xmz2y,24,false,true,true,4,4/4,4,2026-02-03T20:22:38.222Z
cml71p7ke000q29koye5xmz2y,25,true,false,false,,,4,2026-02-03T20:22:38.222Z
cml71ompj000029komi2ivnm7,1,true,false,false,,,4,2026-02-03T20:22:11.185Z
cml71ompj000029komi2ivnm7,2,true,false,true,3,3/4,4,2026-02-03T20:22:11.185Z
cml71ompj000029komi2ivnm7,3,true,false,false,,,4,2026-02-03T20:22:11.185Z
cml71ompj000029komi2ivnm7,4,true,false,false,,,4,2026-02-03T20:22:11.185Z
cml71ompj000029komi2ivnm7,5,true,false,false,,,4,2026-02-03T20:22:11.185Z
cml71ompj000029komi2ivnm7,6,true,false,true,2,2/4,4,2026-02-03T20:22:11.185Z
cml71ompj000029komi2ivnm7,7,true,false,true,4,4/4,4,2026-02-03T20:22:11.185Z
cml71ompj000029komi2ivnm7,8,true,false,false,,,4,2026-02-03T20:22:11.185Z
cml71ompj000029komi2ivnm7,9,true,false,true,1,1/4,4,2026-02-03T20:22:11.185Z
cml71ompj000029komi2ivnm7,10,true,false,false,,,4,2026-02-03T20:22:11.185Z
cml71ompj000029komi2ivnm7,11,true,false,false,,,4,2026-02-03T20:22:11.185Z
cml71ompj000029komi2ivnm7,12,true,false,false,,,4,2026-02-03T20:22:11.185Z
cml71ompj000029komi2ivnm7,13,true,false,false,,,4,2026-02-03T20:22:11.185Z
cml71ompj000029komi2ivnm7,14,true,false,false,,,4,2026-02-03T20:22:11.185Z
cml71ompj000029komi2ivnm7,15,true,false,false,,,4,2026-02-03T20:22:11.185Z
cml71ompj000029komi2ivnm7,16,true,false,false,,,4,2026-02-03T20:22:11.185Z
cml71ompj000029komi2ivnm7,17,true,false,false,,,4,2026-02-03T20:22:11.185Z
cml71ompj000029komi2ivnm7,18,true,false,false,,,4,2026-02-03T20:22:11.185Z
cml71ompj000029komi2ivnm7,19,true,false,false,,,4,2026-02-03T20:22:11.185Z
cml71ompj000029komi2ivnm7,20,true,false,false,,,4,2026-02-03T20:22:11.185Z
cml71ompj000029komi2ivnm7,21,true,false,false,,,4,2026-02-03T20:22:11.185Z
cml71ompj000029komi2ivnm7,22,true,false,false,,,4,2026-02-03T20:22:11.185Z
cml71ompj000029komi2ivnm7,23,true,false,false,,,4,2026-02-03T20:22:11.185Z
cml71ompj000029komi2ivnm7,24,true,false,false,,,4,2026-02-03T20:22:11.185Z
cml71ompj000029komi2ivnm7,25,true,false,false,,,4,2026-02-03T20:22:11.185Z
cml71g0si003429y8tpfx6zjy,1,true,false,false,,,4,2026-02-03T20:15:29.538Z
cml71g0si003429y8tpfx6zjy,2,true,false,false,,,4,2026-02-03T20:15:29.538Z
cml71g0si003429y8tpfx6zjy,3,true,false,false,,,4,2026-02-03T20:15:29.538Z
cml71g0si003429y8tpfx6zjy,4,true,false,false,,,4,2026-02-03T20:15:29.538Z
cml71g0si003429y8tpfx6zjy,5,true,false,false,,,4,2026-02-03T20:15:29.538Z
cml71g0si003429y8tpfx6zjy,6,true,false,false,,,4,2026-02-03T20:15:29.538Z
cml71g0si003429y8tpfx6zjy,7,true,false,false,,,4,2026-02-03T20:15:29.538Z
cml71g0si003429y8tpfx6zjy,8,true,false,false,,,4,2026-02-03T20:15:29.538Z
cml71g0si003429y8tpfx6zjy,9,true,false,false,,,4,2026-02-03T20:15:29.538Z
cml71g0si003429y8tpfx6zjy,10,true,false,false,,,4,2026-02-03T20:15:29.538Z
cml71g0si003429y8tpfx6zjy,11,true,false,false,,,4,2026-02-03T20:15:29.538Z
cml71g0si003429y8tpfx6zjy,12,false,true,true,1,1/4,4,2026-02-03T20:15:29.538Z
cml71g0si003429y8tpfx6zjy,13,true,false,false,,,4,2026-02-03T20:15:29.538Z
cml71g0si003429y8tpfx6zjy,14,true,false,false,,,4,2026-02-03T20:15:29.538Z
cml71g0si003429y8tpfx6zjy,15,true,false,false,,,4,2026-02-03T20:15:29.538Z
cml71g0si003429y8tpfx6zjy,16,true,false,false,,,4,2026-02-03T20:15:29.538Z
cml71g0si003429y8tpfx6zjy,17,false,true,true,2,2/4,4,2026-02-03T20:15:29.538Z
cml71g0si003429y8tpfx6zjy,18,true,false,false,,,4,2026-02-03T20:15:29.538Z
cml71g0si003429y8tpfx6zjy,19,false,true,true,3,3/4,4,2026-02-03T20:15:29.538Z
cml71g0si003429y8tpfx6zjy,20,false,true,true,4,4/4,4,2026-02-03T20:15:29.538Z
cml71g0si003429y8tpfx6zjy,21,true,false,false,,,4,2026-02-03T20:15:29.538Z
cml71g0si003429y8tpfx6zjy,22,true,false,false,,,4,2026-02-03T20:15:29.538Z
cml71g0si003429y8tpfx6zjy,23,true,false,false,,,4,2026-02-03T20:15:29.538Z
cml71g0si003429y8tpfx6zjy,24,true,false,false,,,4,2026-02-03T20:15:29.538Z
cml71g0si003429y8tpfx6zjy,25,true,false,false,,,4,2026-02-03T20:15:29.538Z
cml71fegf002d29y85mhirn7k,1,true,false,false,,,4,2026-02-03T20:15:00.591Z
cml71fegf002d29y85mhirn7k,2,true,false,true,2,2/4,4,2026-02-03T20:15:00.591Z
cml71fegf002d29y85mhirn7k,3,true,false,false,,,4,2026-02-03T20:15:00.591Z
cml71fegf002d29y85mhirn7k,4,true,false,true,1,1/4,4,2026-02-03T20:15:00.591Z
cml71fegf002d29y85mhirn7k,5,true,false,false,,,4,2026-02-03T20:15:00.591Z
cml71fegf002d29y85mhirn7k,6,true,false,true,4,4/4,4,2026-02-03T20:15:00.591Z
cml71fegf002d29y85mhirn7k,7,true,false,false,,,4,2026-02-03T20:15:00.591Z
cml71fegf002d29y85mhirn7k,8,true,false,false,,,4,2026-02-03T20:15:00.591Z
cml71fegf002d29y85mhirn7k,9,true,false,true,3,3/4,4,2026-02-03T20:15:00.591Z
cml71fegf002d29y85mhirn7k,10,true,false,false,,,4,2026-02-03T20:15:00.591Z
cml71fegf002d29y85mhirn7k,11,true,false,false,,,4,2026-02-03T20:15:00.591Z
cml71fegf002d29y85mhirn7k,12,true,false,false,,,4,2026-02-03T20:15:00.591Z
cml71fegf002d29y85mhirn7k,13,true,false,false,,,4,2026-02-03T20:15:00.591Z
cml71fegf002d29y85mhirn7k,14,true,false,false,,,4,2026-02-03T20:15:00.591Z
cml71fegf002d29y85mhirn7k,15,true,false,false,,,4,2026-02-03T20:15:00.591Z
cml71fegf002d29y85mhirn7k,16,true,false,false,,,4,2026-02-03T20:15:00.591Z
cml71fegf002d29y85mhirn7k,17,true,false,false,,,4,2026-02-03T20:15:00.591Z
cml71fegf002d29y85mhirn7k,18,true,false,false,,,4,2026-02-03T20:15:00.591Z
cml71fegf002d29y85mhirn7k,19,true,false,false,,,4,2026-02-03T20:15:00.591Z
cml71fegf002d29y85mhirn7k,20,true,false,false,,,4,2026-02-03T20:15:00.591Z
cml71fegf002d29y85mhirn7k,21,true,false,false,,,4,2026-02-03T20:15:00.591Z
cml71fegf002d29y85mhirn7k,22,true,false,false,,,4,2026-02-03T20:15:00.591Z
cml71fegf002d29y85mhirn7k,23,true,false,false,,,4,2026-02-03T20:15:00.591Z
cml71fegf002d29y85mhirn7k,24,true,false,false,,,4,2026-02-03T20:15:00.591Z
cml71fegf002d29y85mhirn7k,25,true,false,false,,,4,2026-02-03T20:15:00.591Z